"wt_d4","wt_d8","wt_12","pre_idbatchcage","mean_con_ng_ul","batch","period","post_idbatch","pre_idbatch","group","time","Postds","Postrank","Preds","Prerank","condition"
39.3,38.7,39.2,"1Batch1Cage1",81.1378740131697,1,"Pre","1-1Batch1","1Batch1","reorganized","25hr",5.45539215686275,1,5.86467447390856,1,"same"
39.3,38.7,39.2,"1Batch1Cage1",81.1378740131697,1,"Pre","1-1Batch1","1Batch1","reorganized","25hr",5.45539215686275,1,5.86467447390856,1,"same"
39.3,38.7,39.2,"1Batch1Cage1",71.8388019515396,1,"Post","1-1Batch1","1Batch1","reorganized","25hr",5.45539215686275,1,5.86467447390856,1,"same"
39.3,38.7,39.2,"1Batch1Cage1",71.8388019515396,1,"Post","1-1Batch1","1Batch1","reorganized","25hr",5.45539215686275,1,5.86467447390856,1,"same"
40.3,39.1,35.6,"1Batch1Cage2",178.052370976966,1,"Pre","2-1Batch1","1Batch1","reorganized","25hr",-4.70833333333333,4,5.59761472647135,1,"descenders"
40.3,39.1,35.6,"1Batch1Cage2",178.052370976966,1,"Pre","2-1Batch1","1Batch1","reorganized","25hr",-4.70833333333333,4,5.59761472647135,1,"descenders"
40.3,39.1,35.6,"1Batch1Cage2",219.444441343995,1,"Post","2-1Batch1","1Batch1","reorganized","25hr",-4.70833333333333,4,5.59761472647135,1,"descenders"
40.3,39.1,35.6,"1Batch1Cage2",219.444441343995,1,"Post","2-1Batch1","1Batch1","reorganized","25hr",-4.70833333333333,4,5.59761472647135,1,"descenders"
37.3,38.2,39.5,"2Batch1Cage2",91.4392665301958,1,"Pre","2-2Batch1","2Batch1","reorganized","25hr",4.49935064935065,1,-4.08791208791209,4,"ascenders"
37.3,38.2,39.5,"2Batch1Cage2",91.4392665301958,1,"Pre","2-2Batch1","2Batch1","reorganized","25hr",4.49935064935065,1,-4.08791208791209,4,"ascenders"
37.3,38.2,39.5,"2Batch1Cage2",33.1494729740813,1,"Post","2-2Batch1","2Batch1","reorganized","25hr",4.49935064935065,1,-4.08791208791209,4,"ascenders"
37.3,38.2,39.5,"2Batch1Cage2",33.1494729740813,1,"Post","2-2Batch1","2Batch1","reorganized","25hr",4.49935064935065,1,-4.08791208791209,4,"ascenders"
31.1,31.3,32.1,"3Batch1Cage2",105.968279643107,1,"Post","2-3Batch1","3Batch1","reorganized","25hr",4.80812478376196,1,-3.19736842105263,3,"ascenders"
31.1,31.3,32.1,"3Batch1Cage2",105.968279643107,1,"Post","2-3Batch1","3Batch1","reorganized","25hr",4.80812478376196,1,-3.19736842105263,3,"ascenders"
37.4,39.9,37.5,"4Batch1Cage3",63.2191842068653,1,"Pre","3-4Batch1","4Batch1","reorganized","25hr",-1.18227424749164,3,-1.3,3,"same"
37.4,39.9,37.5,"4Batch1Cage3",63.2191842068653,1,"Pre","3-4Batch1","4Batch1","reorganized","25hr",-1.18227424749164,3,-1.3,3,"same"
37.3,39.5,38.2,"2Batch1Cage4",143.683519686337,1,"Post","4-2Batch1","2Batch1","control","25hr",-0.738888888888889,3,-1.33103448275862,3,"control"
37.3,39.5,38.2,"2Batch1Cage4",143.683519686337,1,"Post","4-2Batch1","2Batch1","control","25hr",-0.738888888888889,3,-1.33103448275862,3,"control"
42.8,42.8,37.6,"3Batch1Cage5",142.469040692991,1,"Post","5-3Batch1","3Batch1","reorganized","25hr",-0.933333333333333,3,5.55641025641026,1,"descenders"
42.8,42.8,37.6,"3Batch1Cage5",142.469040692991,1,"Post","5-3Batch1","3Batch1","reorganized","25hr",-0.933333333333333,3,5.55641025641026,1,"descenders"
37.1,37.2,37.5,"1Batch2Cage1",31.1995983376098,2,"Pre","1-1Batch2","1Batch2","reorganized","25hr",-2.61904761904762,3,4.76734449760766,1,"descenders"
37.1,37.2,37.5,"1Batch2Cage1",31.1995983376098,2,"Pre","1-1Batch2","1Batch2","reorganized","25hr",-2.61904761904762,3,4.76734449760766,1,"descenders"
37.1,37.2,37.5,"1Batch2Cage1",215.326865571699,2,"Post","1-1Batch2","1Batch2","reorganized","25hr",-2.61904761904762,3,4.76734449760766,1,"descenders"
37.1,37.2,37.5,"1Batch2Cage1",215.326865571699,2,"Post","1-1Batch2","1Batch2","reorganized","25hr",-2.61904761904762,3,4.76734449760766,1,"descenders"
31.5,32.3,34.6,"4Batch2Cage1",166.940101643303,2,"Pre","1-4Batch2","4Batch2","reorganized","25hr",-0.850245098039216,3,-2.23474880382775,3,"same"
31.5,32.3,34.6,"4Batch2Cage1",166.940101643303,2,"Pre","1-4Batch2","4Batch2","reorganized","25hr",-0.850245098039216,3,-2.23474880382775,3,"same"
31.5,32.3,34.6,"4Batch2Cage1",68.774488876823,2,"Post","1-4Batch2","4Batch2","reorganized","25hr",-0.850245098039216,3,-2.23474880382775,3,"same"
31.5,32.3,34.6,"4Batch2Cage1",68.774488876823,2,"Post","1-4Batch2","4Batch2","reorganized","25hr",-0.850245098039216,3,-2.23474880382775,3,"same"
36.6,39,38.8,"1Batch2Cage2",34.8643152334486,2,"Pre","2-1Batch2","1Batch2","reorganized","25hr",-3.84473684210526,4,-5.17948717948718,4,"same"
36.6,39,38.8,"1Batch2Cage2",34.8643152334486,2,"Pre","2-1Batch2","1Batch2","reorganized","25hr",-3.84473684210526,4,-5.17948717948718,4,"same"
36.6,39,38.8,"1Batch2Cage2",95.7487417191344,2,"Post","2-1Batch2","1Batch2","reorganized","25hr",-3.84473684210526,4,-5.17948717948718,4,"same"
36.6,39,38.8,"1Batch2Cage2",95.7487417191344,2,"Post","2-1Batch2","1Batch2","reorganized","25hr",-3.84473684210526,4,-5.17948717948718,4,"same"
33.4,36.3,36.2,"2Batch2Cage2",75.1428843572082,2,"Pre","2-2Batch2","2Batch2","reorganized","25hr",4.43722943722944,1,4.77380952380952,1,"same"
33.4,36.3,36.2,"2Batch2Cage2",75.1428843572082,2,"Pre","2-2Batch2","2Batch2","reorganized","25hr",4.43722943722944,1,4.77380952380952,1,"same"
33.4,36.3,36.2,"2Batch2Cage2",63.7797764664114,2,"Post","2-2Batch2","2Batch2","reorganized","25hr",4.43722943722944,1,4.77380952380952,1,"same"
33.4,36.3,36.2,"2Batch2Cage2",63.7797764664114,2,"Post","2-2Batch2","2Batch2","reorganized","25hr",4.43722943722944,1,4.77380952380952,1,"same"
35.6,36.6,37.8,"4Batch2Cage3",50.7233860510606,2,"Pre","3-4Batch2","4Batch2","reorganized","25hr",-3.53246753246753,4,4.14957983193277,1,"descenders"
35.6,36.6,37.8,"4Batch2Cage3",50.7233860510606,2,"Pre","3-4Batch2","4Batch2","reorganized","25hr",-3.53246753246753,4,4.14957983193277,1,"descenders"
35.6,36.6,37.8,"4Batch2Cage3",56.3740843036573,2,"Post","3-4Batch2","4Batch2","reorganized","25hr",-3.53246753246753,4,4.14957983193277,1,"descenders"
35.6,36.6,37.8,"4Batch2Cage3",56.3740843036573,2,"Post","3-4Batch2","4Batch2","reorganized","25hr",-3.53246753246753,4,4.14957983193277,1,"descenders"
36.9,34.7,38.2,"2Batch2Cage4",108.46790394988,2,"Pre","4-2Batch2","2Batch2","control","25hr",0.833333333333333,3,-0.506034482758621,3,"control"
36.9,34.7,38.2,"2Batch2Cage4",108.46790394988,2,"Pre","4-2Batch2","2Batch2","control","25hr",0.833333333333333,3,-0.506034482758621,3,"control"
36.9,34.7,38.2,"2Batch2Cage4",60.9136821280833,2,"Post","4-2Batch2","2Batch2","control","25hr",0.833333333333333,3,-0.506034482758621,3,"control"
36.9,34.7,38.2,"2Batch2Cage4",60.9136821280833,2,"Post","4-2Batch2","2Batch2","control","25hr",0.833333333333333,3,-0.506034482758621,3,"control"
34,35.4,36.5,"3Batch2Cage4",87.9544406529122,2,"Pre","4-3Batch2","3Batch2","control","25hr",4,1,4.77420178799489,1,"control"
34,35.4,36.5,"3Batch2Cage4",87.9544406529122,2,"Pre","4-3Batch2","3Batch2","control","25hr",4,1,4.77420178799489,1,"control"
34,35.4,36.5,"3Batch2Cage4",123.840380271607,2,"Post","4-3Batch2","3Batch2","control","25hr",4,1,4.77420178799489,1,"control"
34,35.4,36.5,"3Batch2Cage4",123.840380271607,2,"Post","4-3Batch2","3Batch2","control","25hr",4,1,4.77420178799489,1,"control"
30.7,37.3,34.1,"4Batch2Cage4",418.570746735536,2,"Pre","4-4Batch2","4Batch2","control","25hr",-3,4,-4.05092592592593,4,"control"
30.7,37.3,34.1,"4Batch2Cage4",418.570746735536,2,"Pre","4-4Batch2","4Batch2","control","25hr",-3,4,-4.05092592592593,4,"control"
30.7,37.3,34.1,"4Batch2Cage4",54.4445681834651,2,"Post","4-4Batch2","4Batch2","control","25hr",-3,4,-4.05092592592593,4,"control"
30.7,37.3,34.1,"4Batch2Cage4",54.4445681834651,2,"Post","4-4Batch2","4Batch2","control","25hr",-3,4,-4.05092592592593,4,"control"
39.3,318,40,"1Batch2Cage5",228.226705192036,2,"Pre","5-1Batch2","1Batch2","reorganized","25hr",4.65123034859877,1,-3.14583333333333,4,"ascenders"
39.3,318,40,"1Batch2Cage5",228.226705192036,2,"Pre","5-1Batch2","1Batch2","reorganized","25hr",4.65123034859877,1,-3.14583333333333,4,"ascenders"
39.3,318,40,"1Batch2Cage5",86.0058994918857,2,"Post","5-1Batch2","1Batch2","reorganized","25hr",4.65123034859877,1,-3.14583333333333,4,"ascenders"
39.3,318,40,"1Batch2Cage5",86.0058994918857,2,"Post","5-1Batch2","1Batch2","reorganized","25hr",4.65123034859877,1,-3.14583333333333,4,"ascenders"
36.4,36.2,38.2,"2Batch2Cage5",115.894757274966,2,"Pre","5-2Batch2","2Batch2","reorganized","25hr",3.74926470588235,1,-2.71428571428571,3,"ascenders"
36.4,36.2,38.2,"2Batch2Cage5",115.894757274966,2,"Pre","5-2Batch2","2Batch2","reorganized","25hr",3.74926470588235,1,-2.71428571428571,3,"ascenders"
36.4,36.2,38.2,"2Batch2Cage5",145.791648315593,2,"Post","5-2Batch2","2Batch2","reorganized","25hr",3.74926470588235,1,-2.71428571428571,3,"ascenders"
36.4,36.2,38.2,"2Batch2Cage5",145.791648315593,2,"Post","5-2Batch2","2Batch2","reorganized","25hr",3.74926470588235,1,-2.71428571428571,3,"ascenders"
44.7,43.9,46.4,"2Batch3Cage1",33.2545342406921,3,"Pre","1-2Batch3","2Batch3","control","25hr",-0.72948717948718,4,-4.94444444444444,4,"control"
44.7,43.9,46.4,"2Batch3Cage1",33.2545342406921,3,"Pre","1-2Batch3","2Batch3","control","25hr",-0.72948717948718,4,-4.94444444444444,4,"control"
44.7,43.9,46.4,"2Batch3Cage1",55.7115397470245,3,"Post","1-2Batch3","2Batch3","control","25hr",-0.72948717948718,4,-4.94444444444444,4,"control"
44.7,43.9,46.4,"2Batch3Cage1",55.7115397470245,3,"Post","1-2Batch3","2Batch3","control","25hr",-0.72948717948718,4,-4.94444444444444,4,"control"
43.2,41.7,44.3,"3Batch3Cage1",115.193578839749,3,"Pre","1-3Batch3","3Batch3","control","25hr",3.73461538461539,1,5.83433886375063,1,"control"
43.2,41.7,44.3,"3Batch3Cage1",115.193578839749,3,"Pre","1-3Batch3","3Batch3","control","25hr",3.73461538461539,1,5.83433886375063,1,"control"
43.2,41.7,44.3,"3Batch3Cage1",50.6182137153102,3,"Post","1-3Batch3","3Batch3","control","25hr",3.73461538461539,1,5.83433886375063,1,"control"
43.2,41.7,44.3,"3Batch3Cage1",50.6182137153102,3,"Post","1-3Batch3","3Batch3","control","25hr",3.73461538461539,1,5.83433886375063,1,"control"
40.1,41.9,41.4,"4Batch3Cage1",148.746181862378,3,"Pre","1-4Batch3","4Batch3","control","25hr",-2.75,3,-2.32212885154062,3,"control"
40.1,41.9,41.4,"4Batch3Cage1",148.746181862378,3,"Pre","1-4Batch3","4Batch3","control","25hr",-2.75,3,-2.32212885154062,3,"control"
40.1,41.9,41.4,"4Batch3Cage1",139.233611262876,3,"Post","1-4Batch3","4Batch3","control","25hr",-2.75,3,-2.32212885154062,3,"control"
40.1,41.9,41.4,"4Batch3Cage1",139.233611262876,3,"Post","1-4Batch3","4Batch3","control","25hr",-2.75,3,-2.32212885154062,3,"control"
39,35.8,38.7,"1Batch3Cage2",145.483408661953,3,"Pre","2-1Batch3","1Batch3","control","25hr",-2.85827505827506,4,-3.08538461538462,4,"control"
39,35.8,38.7,"1Batch3Cage2",145.483408661953,3,"Pre","2-1Batch3","1Batch3","control","25hr",-2.85827505827506,4,-3.08538461538462,4,"control"
39,35.8,38.7,"1Batch3Cage2",62.4975665383507,3,"Post","2-1Batch3","1Batch3","control","25hr",-2.85827505827506,4,-3.08538461538462,4,"control"
39,35.8,38.7,"1Batch3Cage2",62.4975665383507,3,"Post","2-1Batch3","1Batch3","control","25hr",-2.85827505827506,4,-3.08538461538462,4,"control"
45.3,42.8,44.8,"3Batch3Cage2",86.3051793093466,3,"Pre","2-3Batch3","3Batch3","control","25hr",4.54825174825175,1,4.85391941391941,1,"control"
45.3,42.8,44.8,"3Batch3Cage2",86.3051793093466,3,"Pre","2-3Batch3","3Batch3","control","25hr",4.54825174825175,1,4.85391941391941,1,"control"
45.3,42.8,44.8,"3Batch3Cage2",52.2153536898377,3,"Post","2-3Batch3","3Batch3","control","25hr",4.54825174825175,1,4.85391941391941,1,"control"
45.3,42.8,44.8,"3Batch3Cage2",52.2153536898377,3,"Post","2-3Batch3","3Batch3","control","25hr",4.54825174825175,1,4.85391941391941,1,"control"
44.6,43.5,45.6,"4Batch3Cage2",55.3149627961078,3,"Pre","2-4Batch3","4Batch3","control","25hr",-2.23997668997669,3,-2.27865384615385,3,"control"
44.6,43.5,45.6,"4Batch3Cage2",55.3149627961078,3,"Pre","2-4Batch3","4Batch3","control","25hr",-2.23997668997669,3,-2.27865384615385,3,"control"
44.6,43.5,45.6,"4Batch3Cage2",46.4693298713013,3,"Post","2-4Batch3","4Batch3","control","25hr",-2.23997668997669,3,-2.27865384615385,3,"control"
44.6,43.5,45.6,"4Batch3Cage2",46.4693298713013,3,"Post","2-4Batch3","4Batch3","control","25hr",-2.23997668997669,3,-2.27865384615385,3,"control"
45.2,44.6,46.3,"1Batch3Cage4",128.357068794825,3,"Pre","4-1Batch3","1Batch3","control","25hr",-2.71428571428571,4,-4,4,"control"
45.2,44.6,46.3,"1Batch3Cage4",128.357068794825,3,"Pre","4-1Batch3","1Batch3","control","25hr",-2.71428571428571,4,-4,4,"control"
45.2,44.6,46.3,"1Batch3Cage4",36.6584083681459,3,"Post","4-1Batch3","1Batch3","control","25hr",-2.71428571428571,4,-4,4,"control"
45.2,44.6,46.3,"1Batch3Cage4",36.6584083681459,3,"Post","4-1Batch3","1Batch3","control","25hr",-2.71428571428571,4,-4,4,"control"
44.6,43.2,43.8,"2Batch3Cage4",76.5367469400871,3,"Pre","4-2Batch3","2Batch3","control","25hr",3.49196428571429,1,4.74432849364791,1,"control"
44.6,43.2,43.8,"2Batch3Cage4",76.5367469400871,3,"Pre","4-2Batch3","2Batch3","control","25hr",3.49196428571429,1,4.74432849364791,1,"control"
44.6,43.2,43.8,"2Batch3Cage4",54.5693628431953,3,"Post","4-2Batch3","2Batch3","control","25hr",3.49196428571429,1,4.74432849364791,1,"control"
44.6,43.2,43.8,"2Batch3Cage4",54.5693628431953,3,"Post","4-2Batch3","2Batch3","control","25hr",3.49196428571429,1,4.74432849364791,1,"control"
40.4,40.7,41.9,"4Batch3Cage4",63.0719943747231,3,"Pre","4-4Batch3","4Batch3","control","25hr",-0.702678571428571,3,-0.870311554748942,3,"control"
40.4,40.7,41.9,"4Batch3Cage4",63.0719943747231,3,"Pre","4-4Batch3","4Batch3","control","25hr",-0.702678571428571,3,-0.870311554748942,3,"control"
40.4,40.7,41.9,"4Batch3Cage4",149.84173663238,3,"Post","4-4Batch3","4Batch3","control","25hr",-0.702678571428571,3,-0.870311554748942,3,"control"
40.4,40.7,41.9,"4Batch3Cage4",149.84173663238,3,"Post","4-4Batch3","4Batch3","control","25hr",-0.702678571428571,3,-0.870311554748942,3,"control"
39.1,39.4,39.9,"1Batch4Cage1",65.4273563811385,4,"Pre","1-1Batch4","1Batch4","control","25hr",5.24206349206349,1,5.58939393939394,1,"control"
39.1,39.4,39.9,"1Batch4Cage1",65.4273563811385,4,"Pre","1-1Batch4","1Batch4","control","25hr",5.24206349206349,1,5.58939393939394,1,"control"
39.1,39.4,39.9,"1Batch4Cage1",113.374439722719,4,"Post","1-1Batch4","1Batch4","control","25hr",5.24206349206349,1,5.58939393939394,1,"control"
39.1,39.4,39.9,"1Batch4Cage1",113.374439722719,4,"Post","1-1Batch4","1Batch4","control","25hr",5.24206349206349,1,5.58939393939394,1,"control"
39.6,38.3,39.6,"3Batch4Cage1",49.6523589452997,4,"Pre","1-3Batch4","3Batch4","control","25hr",-3.35,3,-1.56666666666667,3,"control"
39.6,38.3,39.6,"3Batch4Cage1",49.6523589452997,4,"Pre","1-3Batch4","3Batch4","control","25hr",-3.35,3,-1.56666666666667,3,"control"
39.6,38.3,39.6,"3Batch4Cage1",122.812035521601,4,"Post","1-3Batch4","3Batch4","control","25hr",-3.35,3,-1.56666666666667,3,"control"
39.6,38.3,39.6,"3Batch4Cage1",122.812035521601,4,"Post","1-3Batch4","3Batch4","control","25hr",-3.35,3,-1.56666666666667,3,"control"
39.4,39.9,41.7,"4Batch4Cage1",197.852696321426,4,"Pre","1-4Batch4","4Batch4","control","25hr",1.32222222222222,4,-3.02272727272727,4,"control"
39.4,39.9,41.7,"4Batch4Cage1",197.852696321426,4,"Pre","1-4Batch4","4Batch4","control","25hr",1.32222222222222,4,-3.02272727272727,4,"control"
39.4,39.9,41.7,"4Batch4Cage1",117.84876502758,4,"Post","1-4Batch4","4Batch4","control","25hr",1.32222222222222,4,-3.02272727272727,4,"control"
39.4,39.9,41.7,"4Batch4Cage1",117.84876502758,4,"Post","1-4Batch4","4Batch4","control","25hr",1.32222222222222,4,-3.02272727272727,4,"control"
37.6,38.6,34,"1Batch4Cage2",49.3114984595813,4,"Pre","2-1Batch4","1Batch4","reorganized","25hr",5.75476190476191,1,-2.42857142857143,3,"ascenders"
37.6,38.6,34,"1Batch4Cage2",49.3114984595813,4,"Pre","2-1Batch4","1Batch4","reorganized","25hr",5.75476190476191,1,-2.42857142857143,3,"ascenders"
37.6,38.6,34,"1Batch4Cage2",166.004325957717,4,"Post","2-1Batch4","1Batch4","reorganized","25hr",5.75476190476191,1,-2.42857142857143,3,"ascenders"
37.6,38.6,34,"1Batch4Cage2",166.004325957717,4,"Post","2-1Batch4","1Batch4","reorganized","25hr",5.75476190476191,1,-2.42857142857143,3,"ascenders"
33.9,39.1,34.4,"4Batch4Cage2",103.466279864663,4,"Pre","2-4Batch4","4Batch4","reorganized","25hr",-2.38846153846154,4,-4.73939393939394,4,"same"
33.9,39.1,34.4,"4Batch4Cage2",103.466279864663,4,"Pre","2-4Batch4","4Batch4","reorganized","25hr",-2.38846153846154,4,-4.73939393939394,4,"same"
33.9,39.1,34.4,"4Batch4Cage2",169.888391965096,4,"Post","2-4Batch4","4Batch4","reorganized","25hr",-2.38846153846154,4,-4.73939393939394,4,"same"
33.9,39.1,34.4,"4Batch4Cage2",169.888391965096,4,"Post","2-4Batch4","4Batch4","reorganized","25hr",-2.38846153846154,4,-4.73939393939394,4,"same"
38.2,36.5,38.6,"2Batch4Cage3",163.52207932221,4,"Pre","3-2Batch4","2Batch4","reorganized","25hr",-3.23939393939394,4,5.45697577276525,1,"descenders"
38.2,36.5,38.6,"2Batch4Cage3",163.52207932221,4,"Pre","3-2Batch4","2Batch4","reorganized","25hr",-3.23939393939394,4,5.45697577276525,1,"descenders"
38.2,36.5,38.6,"2Batch4Cage3",111.014492252825,4,"Post","3-2Batch4","2Batch4","reorganized","25hr",-3.23939393939394,4,5.45697577276525,1,"descenders"
38.2,36.5,38.6,"2Batch4Cage3",111.014492252825,4,"Post","3-2Batch4","2Batch4","reorganized","25hr",-3.23939393939394,4,5.45697577276525,1,"descenders"
41.8,40,39.1,"1Batch4Cage4",75.858266660179,4,"Pre","4-1Batch4","1Batch4","reorganized","25hr",5.82017825311943,1,5.60805860805861,1,"same"
41.8,40,39.1,"1Batch4Cage4",75.858266660179,4,"Pre","4-1Batch4","1Batch4","reorganized","25hr",5.82017825311943,1,5.60805860805861,1,"same"
41.8,40,39.1,"1Batch4Cage4",71.9378705562293,4,"Post","4-1Batch4","1Batch4","reorganized","25hr",5.82017825311943,1,5.60805860805861,1,"same"
41.8,40,39.1,"1Batch4Cage4",71.9378705562293,4,"Post","4-1Batch4","1Batch4","reorganized","25hr",5.82017825311943,1,5.60805860805861,1,"same"
38.4,40,40.6,"4Batch4Cage4",60.685671917562,4,"Pre","4-4Batch4","4Batch4","reorganized","25hr",-2.43333333333333,3,-0.979487179487179,3,"same"
38.4,40,40.6,"4Batch4Cage4",60.685671917562,4,"Pre","4-4Batch4","4Batch4","reorganized","25hr",-2.43333333333333,3,-0.979487179487179,3,"same"
38.4,40,40.6,"4Batch4Cage4",78.6142692793386,4,"Post","4-4Batch4","4Batch4","reorganized","25hr",-2.43333333333333,3,-0.979487179487179,3,"same"
38.4,40,40.6,"4Batch4Cage4",78.6142692793386,4,"Post","4-4Batch4","4Batch4","reorganized","25hr",-2.43333333333333,3,-0.979487179487179,3,"same"
36.5,36.3,37,"1Batch4Cage5",391.576668227857,4,"Pre","5-1Batch4","1Batch4","reorganized","25hr",-1.92,3,5.78974358974359,1,"descenders"
36.5,36.3,37,"1Batch4Cage5",391.576668227857,4,"Pre","5-1Batch4","1Batch4","reorganized","25hr",-1.92,3,5.78974358974359,1,"descenders"
36.5,36.3,37,"1Batch4Cage5",98.0151576844987,4,"Post","5-1Batch4","1Batch4","reorganized","25hr",-1.92,3,5.78974358974359,1,"descenders"
36.5,36.3,37,"1Batch4Cage5",98.0151576844987,4,"Post","5-1Batch4","1Batch4","reorganized","25hr",-1.92,3,5.78974358974359,1,"descenders"
32.7,32.2,34.7,"2Batch4Cage5",202.630628419493,4,"Pre","5-2Batch4","2Batch4","reorganized","25hr",4.2989010989011,1,-5.37777777777778,4,"ascenders"
32.7,32.2,34.7,"2Batch4Cage5",202.630628419493,4,"Pre","5-2Batch4","2Batch4","reorganized","25hr",4.2989010989011,1,-5.37777777777778,4,"ascenders"
32.7,32.2,34.7,"2Batch4Cage5",238.179680818244,4,"Post","5-2Batch4","2Batch4","reorganized","25hr",4.2989010989011,1,-5.37777777777778,4,"ascenders"
32.7,32.2,34.7,"2Batch4Cage5",238.179680818244,4,"Post","5-2Batch4","2Batch4","reorganized","25hr",4.2989010989011,1,-5.37777777777778,4,"ascenders"
32.7,32.2,34.7,"2Batch4Cage5",238.179680818244,4,"Post","5-2Batch4","2Batch4","reorganized","25hr",4.2989010989011,1,-5.37777777777778,4,"ascenders"
32.7,32.2,34.7,"2Batch4Cage5",238.179680818244,4,"Post","5-2Batch4","2Batch4","reorganized","25hr",4.2989010989011,1,-5.37777777777778,4,"ascenders"
32.7,34.5,35.4,"1Batch5Cage1",90.1546727374937,5,"Pre","1-1Batch5","1Batch5","control","25hr",-1.81818181818182,3,-2.42592592592593,3,"control"
32.7,34.5,35.4,"1Batch5Cage1",90.1546727374937,5,"Pre","1-1Batch5","1Batch5","control","25hr",-1.81818181818182,3,-2.42592592592593,3,"control"
32.7,34.5,35.4,"1Batch5Cage1",56.0207777657873,5,"Post","1-1Batch5","1Batch5","control","25hr",-1.81818181818182,3,-2.42592592592593,3,"control"
32.7,34.5,35.4,"1Batch5Cage1",56.0207777657873,5,"Post","1-1Batch5","1Batch5","control","25hr",-1.81818181818182,3,-2.42592592592593,3,"control"
32.8,36.3,35.8,"3Batch5Cage1",37.2204812598304,5,"Pre","1-3Batch5","3Batch5","control","25hr",-4.26666666666667,4,-4.90151515151515,4,"control"
32.8,36.3,35.8,"3Batch5Cage1",37.2204812598304,5,"Pre","1-3Batch5","3Batch5","control","25hr",-4.26666666666667,4,-4.90151515151515,4,"control"
32.8,36.3,35.8,"3Batch5Cage1",296.634025910676,5,"Post","1-3Batch5","3Batch5","control","25hr",-4.26666666666667,4,-4.90151515151515,4,"control"
32.8,36.3,35.8,"3Batch5Cage1",296.634025910676,5,"Post","1-3Batch5","3Batch5","control","25hr",-4.26666666666667,4,-4.90151515151515,4,"control"
38.8,37.8,36.8,"4Batch5Cage1",99.35709572001,5,"Pre","1-4Batch5","4Batch5","control","25hr",5.30707070707071,1,5.69410774410774,1,"control"
38.8,37.8,36.8,"4Batch5Cage1",99.35709572001,5,"Pre","1-4Batch5","4Batch5","control","25hr",5.30707070707071,1,5.69410774410774,1,"control"
38.8,37.8,36.8,"4Batch5Cage1",99.626057724584,5,"Post","1-4Batch5","4Batch5","control","25hr",5.30707070707071,1,5.69410774410774,1,"control"
38.8,37.8,36.8,"4Batch5Cage1",99.626057724584,5,"Post","1-4Batch5","4Batch5","control","25hr",5.30707070707071,1,5.69410774410774,1,"control"
36.9,36.4,36.9,"1Batch5Cage2",133.119051753344,5,"Pre","2-1Batch5","1Batch5","reorganized","25hr",-2.38666666666667,3,5.69875776397516,1,"descenders"
36.9,36.4,36.9,"1Batch5Cage2",133.119051753344,5,"Pre","2-1Batch5","1Batch5","reorganized","25hr",-2.38666666666667,3,5.69875776397516,1,"descenders"
36.9,36.4,36.9,"1Batch5Cage2",57.716166712735,5,"Post","2-1Batch5","1Batch5","reorganized","25hr",-2.38666666666667,3,5.69875776397516,1,"descenders"
36.9,36.4,36.9,"1Batch5Cage2",57.716166712735,5,"Post","2-1Batch5","1Batch5","reorganized","25hr",-2.38666666666667,3,5.69875776397516,1,"descenders"
35.7,35.7,36.8,"2Batch5Cage2",105.32355702223,5,"Pre","2-2Batch5","2Batch5","reorganized","25hr",-4.59663865546218,4,-4.2463768115942,4,"same"
35.7,35.7,36.8,"2Batch5Cage2",105.32355702223,5,"Pre","2-2Batch5","2Batch5","reorganized","25hr",-4.59663865546218,4,-4.2463768115942,4,"same"
35.7,35.7,36.8,"2Batch5Cage2",71.6636350446161,5,"Post","2-2Batch5","2Batch5","reorganized","25hr",-4.59663865546218,4,-4.2463768115942,4,"same"
35.7,35.7,36.8,"2Batch5Cage2",71.6636350446161,5,"Post","2-2Batch5","2Batch5","reorganized","25hr",-4.59663865546218,4,-4.2463768115942,4,"same"
35.9,34.8,35.1,"3Batch5Cage3",141.708127908149,5,"Pre","3-3Batch5","3Batch5","reorganized","25hr",-2.41666666666667,3,-2.38068181818182,3,"same"
35.9,34.8,35.1,"3Batch5Cage3",141.708127908149,5,"Pre","3-3Batch5","3Batch5","reorganized","25hr",-2.41666666666667,3,-2.38068181818182,3,"same"
35.9,34.8,35.1,"3Batch5Cage3",119.497026719396,5,"Post","3-3Batch5","3Batch5","reorganized","25hr",-2.41666666666667,3,-2.38068181818182,3,"same"
35.9,34.8,35.1,"3Batch5Cage3",119.497026719396,5,"Post","3-3Batch5","3Batch5","reorganized","25hr",-2.41666666666667,3,-2.38068181818182,3,"same"
43.8,43.2,42.8,"4Batch5Cage3",158.454352618513,5,"Pre","3-4Batch5","4Batch5","reorganized","25hr",4.72235294117647,1,4.48851148851149,1,"same"
43.8,43.2,42.8,"4Batch5Cage3",158.454352618513,5,"Pre","3-4Batch5","4Batch5","reorganized","25hr",4.72235294117647,1,4.48851148851149,1,"same"
43.8,43.2,42.8,"4Batch5Cage3",165.266727547779,5,"Post","3-4Batch5","4Batch5","reorganized","25hr",4.72235294117647,1,4.48851148851149,1,"same"
43.8,43.2,42.8,"4Batch5Cage3",165.266727547779,5,"Post","3-4Batch5","4Batch5","reorganized","25hr",4.72235294117647,1,4.48851148851149,1,"same"
36.3,36.5,36.4,"2Batch5Cage5",71.5504736148056,5,"Pre","5-2Batch5","2Batch5","reorganized","25hr",5.15277777777778,1,-2.5469696969697,3,"ascenders"
36.3,36.5,36.4,"2Batch5Cage5",71.5504736148056,5,"Pre","5-2Batch5","2Batch5","reorganized","25hr",5.15277777777778,1,-2.5469696969697,3,"ascenders"
36.3,36.5,36.4,"2Batch5Cage5",178.367170855216,5,"Post","5-2Batch5","2Batch5","reorganized","25hr",5.15277777777778,1,-2.5469696969697,3,"ascenders"
36.3,36.5,36.4,"2Batch5Cage5",178.367170855216,5,"Post","5-2Batch5","2Batch5","reorganized","25hr",5.15277777777778,1,-2.5469696969697,3,"ascenders"
38.6,39.6,40.6,"3Batch5Cage5",115.996784957262,5,"Pre","5-3Batch5","3Batch5","reorganized","25hr",5.64705882352941,1,-4.63333333333333,4,"ascenders"
38.6,39.6,40.6,"3Batch5Cage5",115.996784957262,5,"Pre","5-3Batch5","3Batch5","reorganized","25hr",5.64705882352941,1,-4.63333333333333,4,"ascenders"
38.6,39.6,40.6,"3Batch5Cage5",193.289706846702,5,"Post","5-3Batch5","3Batch5","reorganized","25hr",5.64705882352941,1,-4.63333333333333,4,"ascenders"
38.6,39.6,40.6,"3Batch5Cage5",193.289706846702,5,"Post","5-3Batch5","3Batch5","reorganized","25hr",5.64705882352941,1,-4.63333333333333,4,"ascenders"
34.1,34.2,34.5,"4Batch5Cage5",195.930493087638,5,"Pre","5-4Batch5","4Batch5","reorganized","25hr",-2.45333333333333,4,5.35952380952381,1,"descenders"
34.1,34.2,34.5,"4Batch5Cage5",195.930493087638,5,"Pre","5-4Batch5","4Batch5","reorganized","25hr",-2.45333333333333,4,5.35952380952381,1,"descenders"
34.1,34.2,34.5,"4Batch5Cage5",128.565623321335,5,"Post","5-4Batch5","4Batch5","reorganized","25hr",-2.45333333333333,4,5.35952380952381,1,"descenders"
34.1,34.2,34.5,"4Batch5Cage5",128.565623321335,5,"Post","5-4Batch5","4Batch5","reorganized","25hr",-2.45333333333333,4,5.35952380952381,1,"descenders"
40.8,40.8,40.8,"1Batch6Cage1",107.936922591556,6,"Pre","1-1Batch6","1Batch6","reorganized","25hr",-5.25595238095238,4,-4.92307692307692,4,"same"
40.8,40.8,40.8,"1Batch6Cage1",107.936922591556,6,"Pre","1-1Batch6","1Batch6","reorganized","25hr",-5.25595238095238,4,-4.92307692307692,4,"same"
40.8,40.8,40.8,"1Batch6Cage1",152.279397029005,6,"Post","1-1Batch6","1Batch6","reorganized","25hr",-5.25595238095238,4,-4.92307692307692,4,"same"
40.8,40.8,40.8,"1Batch6Cage1",152.279397029005,6,"Post","1-1Batch6","1Batch6","reorganized","25hr",-5.25595238095238,4,-4.92307692307692,4,"same"
36.3,36.2,38,"2Batch6Cage1",94.2177383180906,6,"Pre","1-2Batch6","2Batch6","reorganized","25hr",-0.416666666666667,3,0.5,3,"same"
36.3,36.2,38,"2Batch6Cage1",94.2177383180906,6,"Pre","1-2Batch6","2Batch6","reorganized","25hr",-0.416666666666667,3,0.5,3,"same"
36.3,36.2,38,"2Batch6Cage1",108.687436008819,6,"Post","1-2Batch6","2Batch6","reorganized","25hr",-0.416666666666667,3,0.5,3,"same"
36.3,36.2,38,"2Batch6Cage1",108.687436008819,6,"Post","1-2Batch6","2Batch6","reorganized","25hr",-0.416666666666667,3,0.5,3,"same"
38.9,38.9,39.8,"4Batch6Cage1",125.505753644147,6,"Pre","1-4Batch6","4Batch6","reorganized","25hr",-4.98611111111111,4,2.50641025641026,1,"descenders"
38.9,38.9,39.8,"4Batch6Cage1",125.505753644147,6,"Pre","1-4Batch6","4Batch6","reorganized","25hr",-4.98611111111111,4,2.50641025641026,1,"descenders"
38.9,38.9,39.8,"4Batch6Cage1",24.2273088025016,6,"Post","1-4Batch6","4Batch6","reorganized","25hr",-4.98611111111111,4,2.50641025641026,1,"descenders"
38.9,38.9,39.8,"4Batch6Cage1",24.2273088025016,6,"Post","1-4Batch6","4Batch6","reorganized","25hr",-4.98611111111111,4,2.50641025641026,1,"descenders"
38.2,39.8,40.2,"1Batch6Cage2",47.9891481607292,6,"Pre","2-1Batch6","1Batch6","reorganized","25hr",5.16982323232323,1,5.46953046953047,1,"same"
38.2,39.8,40.2,"1Batch6Cage2",47.9891481607292,6,"Pre","2-1Batch6","1Batch6","reorganized","25hr",5.16982323232323,1,5.46953046953047,1,"same"
38.2,39.8,40.2,"1Batch6Cage2",87.2825689543017,6,"Post","2-1Batch6","1Batch6","reorganized","25hr",5.16982323232323,1,5.46953046953047,1,"same"
38.2,39.8,40.2,"1Batch6Cage2",87.2825689543017,6,"Post","2-1Batch6","1Batch6","reorganized","25hr",5.16982323232323,1,5.46953046953047,1,"same"
32.8,33.7,34,"2Batch6Cage2",69.5798707103949,6,"Pre","2-2Batch6","2Batch6","reorganized","25hr",5.16720779220779,1,-4.37575757575758,4,"ascenders"
32.8,33.7,34,"2Batch6Cage2",69.5798707103949,6,"Pre","2-2Batch6","2Batch6","reorganized","25hr",5.16720779220779,1,-4.37575757575758,4,"ascenders"
32.8,33.7,34,"2Batch6Cage2",79.4046628782662,6,"Post","2-2Batch6","2Batch6","reorganized","25hr",5.16720779220779,1,-4.37575757575758,4,"ascenders"
32.8,33.7,34,"2Batch6Cage2",79.4046628782662,6,"Post","2-2Batch6","2Batch6","reorganized","25hr",5.16720779220779,1,-4.37575757575758,4,"ascenders"
42.5,41.7,42.9,"4Batch6Cage2",37.5445532430087,6,"Pre","2-4Batch6","4Batch6","reorganized","25hr",5.0579185520362,1,-2.58095238095238,3,"ascenders"
42.5,41.7,42.9,"4Batch6Cage2",37.5445532430087,6,"Pre","2-4Batch6","4Batch6","reorganized","25hr",5.0579185520362,1,-2.58095238095238,3,"ascenders"
42.5,41.7,42.9,"4Batch6Cage2",100.08299268902,6,"Post","2-4Batch6","4Batch6","reorganized","25hr",5.0579185520362,1,-2.58095238095238,3,"ascenders"
42.5,41.7,42.9,"4Batch6Cage2",100.08299268902,6,"Post","2-4Batch6","4Batch6","reorganized","25hr",5.0579185520362,1,-2.58095238095238,3,"ascenders"
40.5,38.8,39.5,"1Batch6Cage4",100.278582376705,6,"Pre","4-1Batch6","1Batch6","reorganized","25hr",-2.20416666666667,3,5.70257997936017,1,"descenders"
40.5,38.8,39.5,"1Batch6Cage4",100.278582376705,6,"Pre","4-1Batch6","1Batch6","reorganized","25hr",-2.20416666666667,3,5.70257997936017,1,"descenders"
40.5,38.8,39.5,"1Batch6Cage4",123.488453766367,6,"Post","4-1Batch6","1Batch6","reorganized","25hr",-2.20416666666667,3,5.70257997936017,1,"descenders"
40.5,38.8,39.5,"1Batch6Cage4",123.488453766367,6,"Post","4-1Batch6","1Batch6","reorganized","25hr",-2.20416666666667,3,5.70257997936017,1,"descenders"
40.7,40.4,41.8,"1Batch7Cage1",97.8226408710607,7,"Pre","1-1Batch7","1Batch7","reorganized","25hr",5.8417735042735,1,-1.59407665505227,3,"ascenders"
40.7,40.4,41.8,"1Batch7Cage1",97.8226408710607,7,"Pre","1-1Batch7","1Batch7","reorganized","25hr",5.8417735042735,1,-1.59407665505227,3,"ascenders"
40.7,40.4,41.8,"1Batch7Cage1",94.073572736872,7,"Post","1-1Batch7","1Batch7","reorganized","25hr",5.8417735042735,1,-1.59407665505227,3,"ascenders"
40.7,40.4,41.8,"1Batch7Cage1",94.073572736872,7,"Post","1-1Batch7","1Batch7","reorganized","25hr",5.8417735042735,1,-1.59407665505227,3,"ascenders"
38.8,38.9,38.6,"4Batch7Cage3",72.3183742727315,7,"Pre","3-4Batch7","4Batch7","reorganized","25hr",-4.52380952380952,4,4.84027777777778,1,"descenders"
38.8,38.9,38.6,"4Batch7Cage3",72.3183742727315,7,"Pre","3-4Batch7","4Batch7","reorganized","25hr",-4.52380952380952,4,4.84027777777778,1,"descenders"
38.8,38.9,38.6,"4Batch7Cage3",186.368111674871,7,"Post","3-4Batch7","4Batch7","reorganized","25hr",-4.52380952380952,4,4.84027777777778,1,"descenders"
38.8,38.9,38.6,"4Batch7Cage3",186.368111674871,7,"Post","3-4Batch7","4Batch7","reorganized","25hr",-4.52380952380952,4,4.84027777777778,1,"descenders"
42.5,43,42.4,"1Batch7Cage4",40.3798463340765,7,"Pre","4-1Batch7","1Batch7","reorganized","25hr",5.3223602484472,1,5.72715053763441,1,"same"
42.5,43,42.4,"1Batch7Cage4",40.3798463340765,7,"Pre","4-1Batch7","1Batch7","reorganized","25hr",5.3223602484472,1,5.72715053763441,1,"same"
42.5,43,42.4,"1Batch7Cage4",171.511603300494,7,"Post","4-1Batch7","1Batch7","reorganized","25hr",5.3223602484472,1,5.72715053763441,1,"same"
42.5,43,42.4,"1Batch7Cage4",171.511603300494,7,"Post","4-1Batch7","1Batch7","reorganized","25hr",5.3223602484472,1,5.72715053763441,1,"same"
31.3,32.6,28.8,"2Batch7Cage4",31.528034244625,7,"Pre","4-2Batch7","2Batch7","reorganized","25hr",-4.41304347826087,4,-4.5,4,"same"
31.3,32.6,28.8,"2Batch7Cage4",31.528034244625,7,"Pre","4-2Batch7","2Batch7","reorganized","25hr",-4.41304347826087,4,-4.5,4,"same"
31.3,32.6,28.8,"2Batch7Cage4",269.557178397448,7,"Post","4-2Batch7","2Batch7","reorganized","25hr",-4.41304347826087,4,-4.5,4,"same"
31.3,32.6,28.8,"2Batch7Cage4",269.557178397448,7,"Post","4-2Batch7","2Batch7","reorganized","25hr",-4.41304347826087,4,-4.5,4,"same"
36.9,36.4,36.8,"4Batch7Cage4",122.788053912375,7,"Pre","4-4Batch7","4Batch7","reorganized","25hr",-2.37222222222222,3,-2.43548387096774,3,"same"
36.9,36.4,36.8,"4Batch7Cage4",122.788053912375,7,"Pre","4-4Batch7","4Batch7","reorganized","25hr",-2.37222222222222,3,-2.43548387096774,3,"same"
36.9,36.4,36.8,"4Batch7Cage4",205.173802833851,7,"Post","4-4Batch7","4Batch7","reorganized","25hr",-2.37222222222222,3,-2.43548387096774,3,"same"
36.9,36.4,36.8,"4Batch7Cage4",205.173802833851,7,"Post","4-4Batch7","4Batch7","reorganized","25hr",-2.37222222222222,3,-2.43548387096774,3,"same"
38.2,39.1,40.8,"2Batch7Cage5",122.888093440752,7,"Pre","5-2Batch7","2Batch7","reorganized","25hr",5.80986887508627,1,-4.91601731601732,4,"ascenders"
38.2,39.1,40.8,"2Batch7Cage5",122.888093440752,7,"Pre","5-2Batch7","2Batch7","reorganized","25hr",5.80986887508627,1,-4.91601731601732,4,"ascenders"
38.2,39.1,40.8,"2Batch7Cage5",172.984731820729,7,"Post","5-2Batch7","2Batch7","reorganized","25hr",5.80986887508627,1,-4.91601731601732,4,"ascenders"
38.2,39.1,40.8,"2Batch7Cage5",172.984731820729,7,"Post","5-2Batch7","2Batch7","reorganized","25hr",5.80986887508627,1,-4.91601731601732,4,"ascenders"
43.9,41.3,40.8,"4Batch7Cage5",143.767605355189,7,"Pre","5-4Batch7","4Batch7","reorganized","25hr",-1.7,3,5.82662058171384,1,"descenders"
43.9,41.3,40.8,"4Batch7Cage5",143.767605355189,7,"Pre","5-4Batch7","4Batch7","reorganized","25hr",-1.7,3,5.82662058171384,1,"descenders"
43.9,41.3,40.8,"4Batch7Cage5",116.937487658865,7,"Post","5-4Batch7","4Batch7","reorganized","25hr",-1.7,3,5.82662058171384,1,"descenders"
43.9,41.3,40.8,"4Batch7Cage5",116.937487658865,7,"Post","5-4Batch7","4Batch7","reorganized","25hr",-1.7,3,5.82662058171384,1,"descenders"
41.5,43.5,43.9,"1Batch8Cage1",68.0497551419181,8,"Pre","1-1Batch8","1Batch8","reorganized","1 hr",4.45833333333333,1,-2.15151515151515,3,"ascenders"
41.5,43.5,43.9,"1Batch8Cage1",68.0497551419181,8,"Pre","1-1Batch8","1Batch8","reorganized","1 hr",4.45833333333333,1,-2.15151515151515,3,"ascenders"
41.5,43.5,43.9,"1Batch8Cage1",63.2210872671335,8,"Post","1-1Batch8","1Batch8","reorganized","1 hr",4.45833333333333,1,-2.15151515151515,3,"ascenders"
41.5,43.5,43.9,"1Batch8Cage1",63.2210872671335,8,"Post","1-1Batch8","1Batch8","reorganized","1 hr",4.45833333333333,1,-2.15151515151515,3,"ascenders"
34.4,34.2,34.2,"2Batch8Cage2",136.117651194672,8,"Pre","2-2Batch8","2Batch8","reorganized","1 hr",-1.01436781609195,4,-4.59464285714286,4,"same"
34.4,34.2,34.2,"2Batch8Cage2",136.117651194672,8,"Pre","2-2Batch8","2Batch8","reorganized","1 hr",-1.01436781609195,4,-4.59464285714286,4,"same"
34.4,34.2,34.2,"2Batch8Cage2",329.876616791225,8,"Post","2-2Batch8","2Batch8","reorganized","1 hr",-1.01436781609195,4,-4.59464285714286,4,"same"
34.4,34.2,34.2,"2Batch8Cage2",329.876616791225,8,"Post","2-2Batch8","2Batch8","reorganized","1 hr",-1.01436781609195,4,-4.59464285714286,4,"same"
38.8,39,39.7,"4Batch8Cage2",91.3103794344965,8,"Pre","2-4Batch8","4Batch8","reorganized","1 hr",-3.83333333333333,4,5.6606884057971,1,"descenders"
38.8,39,39.7,"4Batch8Cage2",91.3103794344965,8,"Pre","2-4Batch8","4Batch8","reorganized","1 hr",-3.83333333333333,4,5.6606884057971,1,"descenders"
38.8,39,39.7,"4Batch8Cage2",154.21837931401,8,"Post","2-4Batch8","4Batch8","reorganized","1 hr",-3.83333333333333,4,5.6606884057971,1,"descenders"
38.8,39,39.7,"4Batch8Cage2",154.21837931401,8,"Post","2-4Batch8","4Batch8","reorganized","1 hr",-3.83333333333333,4,5.6606884057971,1,"descenders"
40.8,39.5,40.9,"3Batch8Cage3",122.981401918769,8,"Pre","3-3Batch8","3Batch8","reorganized","1 hr",-0.666666666666667,3,-2.12222222222222,3,"same"
40.8,39.5,40.9,"3Batch8Cage3",122.981401918769,8,"Pre","3-3Batch8","3Batch8","reorganized","1 hr",-0.666666666666667,3,-2.12222222222222,3,"same"
40.8,39.5,40.9,"3Batch8Cage3",427.209394635226,8,"Post","3-3Batch8","3Batch8","reorganized","1 hr",-0.666666666666667,3,-2.12222222222222,3,"same"
40.8,39.5,40.9,"3Batch8Cage3",427.209394635226,8,"Post","3-3Batch8","3Batch8","reorganized","1 hr",-0.666666666666667,3,-2.12222222222222,3,"same"
38.4,39,37.6,"4Batch8Cage3",133.913414431336,8,"Pre","3-4Batch8","4Batch8","reorganized","1 hr",5.54625199362042,1,5.86919191919192,1,"same"
38.4,39,37.6,"4Batch8Cage3",133.913414431336,8,"Pre","3-4Batch8","4Batch8","reorganized","1 hr",5.54625199362042,1,5.86919191919192,1,"same"
38.4,39,37.6,"4Batch8Cage3",194.110094710067,8,"Post","3-4Batch8","4Batch8","reorganized","1 hr",5.54625199362042,1,5.86919191919192,1,"same"
38.4,39,37.6,"4Batch8Cage3",194.110094710067,8,"Post","3-4Batch8","4Batch8","reorganized","1 hr",5.54625199362042,1,5.86919191919192,1,"same"
43.4,41.9,41.2,"1Batch8Cage4",42.223220387857,8,"Pre","4-1Batch8","1Batch8","reorganized","1 hr",2.79885057471264,1,-2.19955300127714,4,"ascenders"
43.4,41.9,41.2,"1Batch8Cage4",42.223220387857,8,"Pre","4-1Batch8","1Batch8","reorganized","1 hr",2.79885057471264,1,-2.19955300127714,4,"ascenders"
43.4,41.9,41.2,"1Batch8Cage4",207.341313043477,8,"Post","4-1Batch8","1Batch8","reorganized","1 hr",2.79885057471264,1,-2.19955300127714,4,"ascenders"
43.4,41.9,41.2,"1Batch8Cage4",207.341313043477,8,"Post","4-1Batch8","1Batch8","reorganized","1 hr",2.79885057471264,1,-2.19955300127714,4,"ascenders"
40.7,40.4,39.9,"4Batch8Cage4",199.750236899589,8,"Pre","4-4Batch8","4Batch8","reorganized","1 hr",-2.49473684210526,3,3.84602143372758,1,"descenders"
40.7,40.4,39.9,"4Batch8Cage4",199.750236899589,8,"Pre","4-4Batch8","4Batch8","reorganized","1 hr",-2.49473684210526,3,3.84602143372758,1,"descenders"
40.7,40.4,39.9,"4Batch8Cage4",357.720202284411,8,"Post","4-4Batch8","4Batch8","reorganized","1 hr",-2.49473684210526,3,3.84602143372758,1,"descenders"
40.7,40.4,39.9,"4Batch8Cage4",357.720202284411,8,"Post","4-4Batch8","4Batch8","reorganized","1 hr",-2.49473684210526,3,3.84602143372758,1,"descenders"
43.8,43.6,45.1,"3Batch9Cage1",94.1218352225281,9,"Pre","1-3Batch9","3Batch9","reorganized","1 hr",4.32777777777778,1,5.78418803418803,1,"same"
43.8,43.6,45.1,"3Batch9Cage1",94.1218352225281,9,"Pre","1-3Batch9","3Batch9","reorganized","1 hr",4.32777777777778,1,5.78418803418803,1,"same"
43.8,43.6,45.1,"3Batch9Cage1",345.402984352532,9,"Post","1-3Batch9","3Batch9","reorganized","1 hr",4.32777777777778,1,5.78418803418803,1,"same"
43.8,43.6,45.1,"3Batch9Cage1",345.402984352532,9,"Post","1-3Batch9","3Batch9","reorganized","1 hr",4.32777777777778,1,5.78418803418803,1,"same"
41.3,42.3,42.9,"2Batch9Cage2",56.164500950943,9,"Pre","2-2Batch9","2Batch9","control","1 hr",3.08333333333333,1,3.97069597069597,1,"control"
41.3,42.3,42.9,"2Batch9Cage2",56.164500950943,9,"Pre","2-2Batch9","2Batch9","control","1 hr",3.08333333333333,1,3.97069597069597,1,"control"
41.3,42.3,42.9,"2Batch9Cage2",112.407257272448,9,"Post","2-2Batch9","2Batch9","control","1 hr",3.08333333333333,1,3.97069597069597,1,"control"
41.3,42.3,42.9,"2Batch9Cage2",112.407257272448,9,"Post","2-2Batch9","2Batch9","control","1 hr",3.08333333333333,1,3.97069597069597,1,"control"
42.4,42.1,41.8,"3Batch9Cage2",68.8995060869166,9,"Pre","2-3Batch9","3Batch9","control","1 hr",-2.95833333333333,4,-4.44761904761905,4,"control"
42.4,42.1,41.8,"3Batch9Cage2",68.8995060869166,9,"Pre","2-3Batch9","3Batch9","control","1 hr",-2.95833333333333,4,-4.44761904761905,4,"control"
42.4,42.1,41.8,"3Batch9Cage2",70.8141031940734,9,"Post","2-3Batch9","3Batch9","control","1 hr",-2.95833333333333,4,-4.44761904761905,4,"control"
42.4,42.1,41.8,"3Batch9Cage2",70.8141031940734,9,"Post","2-3Batch9","3Batch9","control","1 hr",-2.95833333333333,4,-4.44761904761905,4,"control"
42.6,43,42.8,"4Batch9Cage2",39.7027351275049,9,"Pre","2-4Batch9","4Batch9","control","1 hr",-1.5,3,-1.04901960784314,3,"control"
42.6,43,42.8,"4Batch9Cage2",39.7027351275049,9,"Pre","2-4Batch9","4Batch9","control","1 hr",-1.5,3,-1.04901960784314,3,"control"
42.6,43,42.8,"4Batch9Cage2",205.922082177967,9,"Post","2-4Batch9","4Batch9","control","1 hr",-1.5,3,-1.04901960784314,3,"control"
42.6,43,42.8,"4Batch9Cage2",205.922082177967,9,"Post","2-4Batch9","4Batch9","control","1 hr",-1.5,3,-1.04901960784314,3,"control"
42.5,40.4,40.3,"1Batch9Cage3",111.769936089707,9,"Pre","3-1Batch9","1Batch9","reorganized","1 hr",4.44615384615385,1,-3.95833333333333,4,"ascenders"
42.5,40.4,40.3,"1Batch9Cage3",111.769936089707,9,"Pre","3-1Batch9","1Batch9","reorganized","1 hr",4.44615384615385,1,-3.95833333333333,4,"ascenders"
42.5,40.4,40.3,"1Batch9Cage3",311.198653061814,9,"Post","3-1Batch9","1Batch9","reorganized","1 hr",4.44615384615385,1,-3.95833333333333,4,"ascenders"
42.5,40.4,40.3,"1Batch9Cage3",311.198653061814,9,"Post","3-1Batch9","1Batch9","reorganized","1 hr",4.44615384615385,1,-3.95833333333333,4,"ascenders"
44.1,42.4,43.2,"2Batch9Cage3",147.553127531666,9,"Pre","3-2Batch9","2Batch9","reorganized","1 hr",-0.854093567251462,3,-0.396739130434783,3,"same"
44.1,42.4,43.2,"2Batch9Cage3",147.553127531666,9,"Pre","3-2Batch9","2Batch9","reorganized","1 hr",-0.854093567251462,3,-0.396739130434783,3,"same"
44.1,42.4,43.2,"2Batch9Cage3",407.261064662692,9,"Post","3-2Batch9","2Batch9","reorganized","1 hr",-0.854093567251462,3,-0.396739130434783,3,"same"
44.1,42.4,43.2,"2Batch9Cage3",407.261064662692,9,"Post","3-2Batch9","2Batch9","reorganized","1 hr",-0.854093567251462,3,-0.396739130434783,3,"same"
42,40.9,41.3,"4Batch9Cage3",171.132394728836,9,"Pre","3-4Batch9","4Batch9","reorganized","1 hr",-3.72777777777778,4,4.64311594202899,1,"descenders"
42,40.9,41.3,"4Batch9Cage3",171.132394728836,9,"Pre","3-4Batch9","4Batch9","reorganized","1 hr",-3.72777777777778,4,4.64311594202899,1,"descenders"
42,40.9,41.3,"4Batch9Cage3",340.627515661503,9,"Post","3-4Batch9","4Batch9","reorganized","1 hr",-3.72777777777778,4,4.64311594202899,1,"descenders"
42,40.9,41.3,"4Batch9Cage3",340.627515661503,9,"Post","3-4Batch9","4Batch9","reorganized","1 hr",-3.72777777777778,4,4.64311594202899,1,"descenders"
41.3,40.6,40.4,"1Batch9Cage4",41.1896015383956,9,"Pre","4-1Batch9","1Batch9","reorganized","1 hr",-4.56043956043956,4,-3.26190476190476,4,"same"
41.3,40.6,40.4,"1Batch9Cage4",41.1896015383956,9,"Pre","4-1Batch9","1Batch9","reorganized","1 hr",-4.56043956043956,4,-3.26190476190476,4,"same"
41.3,40.6,40.4,"1Batch9Cage4",211.12109488497,9,"Post","4-1Batch9","1Batch9","reorganized","1 hr",-4.56043956043956,4,-3.26190476190476,4,"same"
41.3,40.6,40.4,"1Batch9Cage4",211.12109488497,9,"Post","4-1Batch9","1Batch9","reorganized","1 hr",-4.56043956043956,4,-3.26190476190476,4,"same"
40.9,41.4,40.1,"2Batch9Cage4",68.0843611174795,9,"Pre","4-2Batch9","2Batch9","reorganized","1 hr",3.65994152046784,1,-1.62424242424242,3,"ascenders"
40.9,41.4,40.1,"2Batch9Cage4",68.0843611174795,9,"Pre","4-2Batch9","2Batch9","reorganized","1 hr",3.65994152046784,1,-1.62424242424242,3,"ascenders"
40.9,41.4,40.1,"2Batch9Cage4",96.2176315735226,9,"Post","4-2Batch9","2Batch9","reorganized","1 hr",3.65994152046784,1,-1.62424242424242,3,"ascenders"
40.9,41.4,40.1,"2Batch9Cage4",96.2176315735226,9,"Post","4-2Batch9","2Batch9","reorganized","1 hr",3.65994152046784,1,-1.62424242424242,3,"ascenders"
43.7,42.9,43,"3Batch9Cage5",78.4326253650995,9,"Pre","5-3Batch9","3Batch9","reorganized","1 hr",-0.425,3,4.84826203208556,1,"descenders"
43.7,42.9,43,"3Batch9Cage5",78.4326253650995,9,"Pre","5-3Batch9","3Batch9","reorganized","1 hr",-0.425,3,4.84826203208556,1,"descenders"
43.7,42.9,43,"3Batch9Cage5",459.13817297277,9,"Post","5-3Batch9","3Batch9","reorganized","1 hr",-0.425,3,4.84826203208556,1,"descenders"
43.7,42.9,43,"3Batch9Cage5",459.13817297277,9,"Post","5-3Batch9","3Batch9","reorganized","1 hr",-0.425,3,4.84826203208556,1,"descenders"
40.3,40.9,41,"2Batch10Cage1",72.9403415248427,10,"Pre","1-2Batch10","2Batch10","reorganized","1 hr",3.70893141945774,1,-5.04333333333333,4,"ascenders"
40.3,40.9,41,"2Batch10Cage1",72.9403415248427,10,"Pre","1-2Batch10","2Batch10","reorganized","1 hr",3.70893141945774,1,-5.04333333333333,4,"ascenders"
40.3,40.9,41,"2Batch10Cage1",134.725106218733,10,"Post","1-2Batch10","2Batch10","reorganized","1 hr",3.70893141945774,1,-5.04333333333333,4,"ascenders"
40.3,40.9,41,"2Batch10Cage1",134.725106218733,10,"Post","1-2Batch10","2Batch10","reorganized","1 hr",3.70893141945774,1,-5.04333333333333,4,"ascenders"
40.7,40.1,39.6,"4Batch10Cage1",45.8471788226483,10,"Pre","1-4Batch10","4Batch10","reorganized","1 hr",-2.84615384615385,3,5.64067226890756,1,"descenders"
40.7,40.1,39.6,"4Batch10Cage1",45.8471788226483,10,"Pre","1-4Batch10","4Batch10","reorganized","1 hr",-2.84615384615385,3,5.64067226890756,1,"descenders"
40.7,40.1,39.6,"4Batch10Cage1",225.229469355862,10,"Post","1-4Batch10","4Batch10","reorganized","1 hr",-2.84615384615385,3,5.64067226890756,1,"descenders"
40.7,40.1,39.6,"4Batch10Cage1",225.229469355862,10,"Post","1-4Batch10","4Batch10","reorganized","1 hr",-2.84615384615385,3,5.64067226890756,1,"descenders"
42.6,42.5,41.7,"1Batch10Cage3",66.2476133503978,10,"Pre","3-1Batch10","1Batch10","reorganized","1 hr",-0.784722222222222,3,-2.25,3,"same"
42.6,42.5,41.7,"1Batch10Cage3",66.2476133503978,10,"Pre","3-1Batch10","1Batch10","reorganized","1 hr",-0.784722222222222,3,-2.25,3,"same"
42.6,42.5,41.7,"1Batch10Cage3",174.393231877599,10,"Post","3-1Batch10","1Batch10","reorganized","1 hr",-0.784722222222222,3,-2.25,3,"same"
42.6,42.5,41.7,"1Batch10Cage3",174.393231877599,10,"Post","3-1Batch10","1Batch10","reorganized","1 hr",-0.784722222222222,3,-2.25,3,"same"
36.3,36.2,35.1,"2Batch10Cage3",127.636748215402,10,"Pre","3-2Batch10","2Batch10","reorganized","1 hr",-2.41746411483254,4,-3.57777777777778,4,"same"
36.3,36.2,35.1,"2Batch10Cage3",127.636748215402,10,"Pre","3-2Batch10","2Batch10","reorganized","1 hr",-2.41746411483254,4,-3.57777777777778,4,"same"
36.3,36.2,35.1,"2Batch10Cage3",339.268143707453,10,"Post","3-2Batch10","2Batch10","reorganized","1 hr",-2.41746411483254,4,-3.57777777777778,4,"same"
36.3,36.2,35.1,"2Batch10Cage3",339.268143707453,10,"Post","3-2Batch10","2Batch10","reorganized","1 hr",-2.41746411483254,4,-3.57777777777778,4,"same"
39.7,39.8,38.8,"3Batch10Cage3",83.9925713773192,10,"Pre","3-3Batch10","3Batch10","reorganized","1 hr",5.34245014245014,1,4.9508547008547,1,"same"
39.7,39.8,38.8,"3Batch10Cage3",83.9925713773192,10,"Pre","3-3Batch10","3Batch10","reorganized","1 hr",5.34245014245014,1,4.9508547008547,1,"same"
39.7,39.8,38.8,"3Batch10Cage3",503.232724218499,10,"Post","3-3Batch10","3Batch10","reorganized","1 hr",5.34245014245014,1,4.9508547008547,1,"same"
39.7,39.8,38.8,"3Batch10Cage3",503.232724218499,10,"Post","3-3Batch10","3Batch10","reorganized","1 hr",5.34245014245014,1,4.9508547008547,1,"same"
40.5,40.1,40.8,"2Batch10Cage5",71.7792441355616,10,"Pre","5-2Batch10","2Batch10","reorganized","1 hr",3.47916666666667,1,-1.59259259259259,3,"ascenders"
40.5,40.1,40.8,"2Batch10Cage5",71.7792441355616,10,"Pre","5-2Batch10","2Batch10","reorganized","1 hr",3.47916666666667,1,-1.59259259259259,3,"ascenders"
40.5,40.1,40.8,"2Batch10Cage5",69.865464480656,10,"Post","5-2Batch10","2Batch10","reorganized","1 hr",3.47916666666667,1,-1.59259259259259,3,"ascenders"
40.5,40.1,40.8,"2Batch10Cage5",69.865464480656,10,"Post","5-2Batch10","2Batch10","reorganized","1 hr",3.47916666666667,1,-1.59259259259259,3,"ascenders"
42.9,43.3,42.3,"3Batch10Cage5",48.4679201932956,10,"Pre","5-3Batch10","3Batch10","reorganized","1 hr",-2.96296296296296,4,5.76342592592593,1,"descenders"
42.9,43.3,42.3,"3Batch10Cage5",48.4679201932956,10,"Pre","5-3Batch10","3Batch10","reorganized","1 hr",-2.96296296296296,4,5.76342592592593,1,"descenders"
42.9,43.3,42.3,"3Batch10Cage5",413.059060773447,10,"Post","5-3Batch10","3Batch10","reorganized","1 hr",-2.96296296296296,4,5.76342592592593,1,"descenders"
42.9,43.3,42.3,"3Batch10Cage5",413.059060773447,10,"Post","5-3Batch10","3Batch10","reorganized","1 hr",-2.96296296296296,4,5.76342592592593,1,"descenders"
38.8,37.1,36.8,"3Batch11Cage1",88.2483136853618,11,"Pre","1-3Batch11","3Batch11","reorganized","1 hr",-1.875,4,5.76653185035389,1,"descenders"
38.8,37.1,36.8,"3Batch11Cage1",88.2483136853618,11,"Pre","1-3Batch11","3Batch11","reorganized","1 hr",-1.875,4,5.76653185035389,1,"descenders"
38.8,37.1,36.8,"3Batch11Cage1",453.405341935043,11,"Post","1-3Batch11","3Batch11","reorganized","1 hr",-1.875,4,5.76653185035389,1,"descenders"
38.8,37.1,36.8,"3Batch11Cage1",453.405341935043,11,"Post","1-3Batch11","3Batch11","reorganized","1 hr",-1.875,4,5.76653185035389,1,"descenders"
38.9,38.3,37.5,"4Batch11Cage1",94.8937996494673,11,"Pre","1-4Batch11","4Batch11","reorganized","1 hr",4.19172932330827,1,-3.95348837209302,4,"ascenders"
38.9,38.3,37.5,"4Batch11Cage1",94.8937996494673,11,"Pre","1-4Batch11","4Batch11","reorganized","1 hr",4.19172932330827,1,-3.95348837209302,4,"ascenders"
38.9,38.3,37.5,"4Batch11Cage1",171.821962349397,11,"Post","1-4Batch11","4Batch11","reorganized","1 hr",4.19172932330827,1,-3.95348837209302,4,"ascenders"
38.9,38.3,37.5,"4Batch11Cage1",171.821962349397,11,"Post","1-4Batch11","4Batch11","reorganized","1 hr",4.19172932330827,1,-3.95348837209302,4,"ascenders"
43.7,42,42.8,"2Batch11Cage2",86.5496194361968,11,"Pre","2-2Batch11","2Batch11","reorganized","1 hr",-0.6875,3,5.15238095238095,1,"descenders"
43.7,42,42.8,"2Batch11Cage2",86.5496194361968,11,"Pre","2-2Batch11","2Batch11","reorganized","1 hr",-0.6875,3,5.15238095238095,1,"descenders"
43.7,42,42.8,"2Batch11Cage2",481.822519585533,11,"Post","2-2Batch11","2Batch11","reorganized","1 hr",-0.6875,3,5.15238095238095,1,"descenders"
43.7,42,42.8,"2Batch11Cage2",481.822519585533,11,"Post","2-2Batch11","2Batch11","reorganized","1 hr",-0.6875,3,5.15238095238095,1,"descenders"
38.1,36.9,36.8,"3Batch11Cage2",53.404706136239,11,"Pre","2-3Batch11","3Batch11","reorganized","1 hr",-3.01704260651629,4,-3.61666666666667,4,"same"
38.1,36.9,36.8,"3Batch11Cage2",53.404706136239,11,"Pre","2-3Batch11","3Batch11","reorganized","1 hr",-3.01704260651629,4,-3.61666666666667,4,"same"
38.1,36.9,36.8,"3Batch11Cage2",245.214919056076,11,"Post","2-3Batch11","3Batch11","reorganized","1 hr",-3.01704260651629,4,-3.61666666666667,4,"same"
38.1,36.9,36.8,"3Batch11Cage2",245.214919056076,11,"Post","2-3Batch11","3Batch11","reorganized","1 hr",-3.01704260651629,4,-3.61666666666667,4,"same"
38.8,40.2,40,"4Batch11Cage2",78.1838953434748,11,"Pre","2-4Batch11","4Batch11","reorganized","1 hr",-0.607142857142857,3,-2.54761904761905,3,"same"
38.8,40.2,40,"4Batch11Cage2",78.1838953434748,11,"Pre","2-4Batch11","4Batch11","reorganized","1 hr",-0.607142857142857,3,-2.54761904761905,3,"same"
38.8,40.2,40,"4Batch11Cage2",128.636463810472,11,"Post","2-4Batch11","4Batch11","reorganized","1 hr",-0.607142857142857,3,-2.54761904761905,3,"same"
38.8,40.2,40,"4Batch11Cage2",128.636463810472,11,"Post","2-4Batch11","4Batch11","reorganized","1 hr",-0.607142857142857,3,-2.54761904761905,3,"same"
37.5,37.4,37.6,"1Batch11Cage4",64.7003962956364,11,"Pre","4-1Batch11","1Batch11","reorganized","1 hr",3.01785714285714,1,-1.67982456140351,3,"ascenders"
37.5,37.4,37.6,"1Batch11Cage4",64.7003962956364,11,"Pre","4-1Batch11","1Batch11","reorganized","1 hr",3.01785714285714,1,-1.67982456140351,3,"ascenders"
37.5,37.4,37.6,"1Batch11Cage4",111.755151204637,11,"Post","4-1Batch11","1Batch11","reorganized","1 hr",3.01785714285714,1,-1.67982456140351,3,"ascenders"
37.5,37.4,37.6,"1Batch11Cage4",111.755151204637,11,"Post","4-1Batch11","1Batch11","reorganized","1 hr",3.01785714285714,1,-1.67982456140351,3,"ascenders"
35.2,35.3,35.6,"4Batch11Cage4",105.431087039475,11,"Pre","4-4Batch11","4Batch11","reorganized","1 hr",3.1875,1,5.504329004329,1,"same"
35.2,35.3,35.6,"4Batch11Cage4",105.431087039475,11,"Pre","4-4Batch11","4Batch11","reorganized","1 hr",3.1875,1,5.504329004329,1,"same"
35.2,35.3,35.6,"4Batch11Cage4",303.812723325927,11,"Post","4-4Batch11","4Batch11","reorganized","1 hr",3.1875,1,5.504329004329,1,"same"
35.2,35.3,35.6,"4Batch11Cage4",303.812723325927,11,"Post","4-4Batch11","4Batch11","reorganized","1 hr",3.1875,1,5.504329004329,1,"same"
32.8,31.8,31.8,"2Batch11Cage5",55.6349295959924,11,"Pre","5-2Batch11","2Batch11","control","1 hr",3.79166666666667,1,5.66195131301514,1,"control"
32.8,31.8,31.8,"2Batch11Cage5",55.6349295959924,11,"Pre","5-2Batch11","2Batch11","control","1 hr",3.79166666666667,1,5.66195131301514,1,"control"
32.8,31.8,31.8,"2Batch11Cage5",112.56600060094,11,"Post","5-2Batch11","2Batch11","control","1 hr",3.79166666666667,1,5.66195131301514,1,"control"
32.8,31.8,31.8,"2Batch11Cage5",112.56600060094,11,"Post","5-2Batch11","2Batch11","control","1 hr",3.79166666666667,1,5.66195131301514,1,"control"
33.2,33.5,34.8,"3Batch11Cage5",35.1740845192004,11,"Pre","5-3Batch11","3Batch11","control","1 hr",-1.80555555555556,4,-4.66666666666667,4,"control"
33.2,33.5,34.8,"3Batch11Cage5",35.1740845192004,11,"Pre","5-3Batch11","3Batch11","control","1 hr",-1.80555555555556,4,-4.66666666666667,4,"control"
33.2,33.5,34.8,"3Batch11Cage5",81.7995678274298,11,"Post","5-3Batch11","3Batch11","control","1 hr",-1.80555555555556,4,-4.66666666666667,4,"control"
33.2,33.5,34.8,"3Batch11Cage5",81.7995678274298,11,"Post","5-3Batch11","3Batch11","control","1 hr",-1.80555555555556,4,-4.66666666666667,4,"control"
35,33.5,35.5,"4Batch11Cage5",199.125473328843,11,"Pre","5-4Batch11","4Batch11","control","1 hr",-2.15277777777778,3,-2.70744680851064,3,"control"
35,33.5,35.5,"4Batch11Cage5",199.125473328843,11,"Pre","5-4Batch11","4Batch11","control","1 hr",-2.15277777777778,3,-2.70744680851064,3,"control"
35,33.5,35.5,"4Batch11Cage5",466.234204248619,11,"Post","5-4Batch11","4Batch11","control","1 hr",-2.15277777777778,3,-2.70744680851064,3,"control"
35,33.5,35.5,"4Batch11Cage5",466.234204248619,11,"Post","5-4Batch11","4Batch11","control","1 hr",-2.15277777777778,3,-2.70744680851064,3,"control"
35.4,35,36.7,"2Batch12Cage1",169.757906403694,12,"Pre","1-2Batch12","2Batch12","reorganized","1 hr",-2,4,-4,4,"same"
35.4,35,36.7,"2Batch12Cage1",169.757906403694,12,"Pre","1-2Batch12","2Batch12","reorganized","1 hr",-2,4,-4,4,"same"
35.4,35,36.7,"2Batch12Cage1",120.342538833224,12,"Post","1-2Batch12","2Batch12","reorganized","1 hr",-2,4,-4,4,"same"
35.4,35,36.7,"2Batch12Cage1",120.342538833224,12,"Post","1-2Batch12","2Batch12","reorganized","1 hr",-2,4,-4,4,"same"
38.8,39.4,39.8,"3Batch12Cage1",92.2201569392967,12,"Pre","1-3Batch12","3Batch12","reorganized","1 hr",3.04807692307692,1,4.86666666666667,1,"same"
38.8,39.4,39.8,"3Batch12Cage1",92.2201569392967,12,"Pre","1-3Batch12","3Batch12","reorganized","1 hr",3.04807692307692,1,4.86666666666667,1,"same"
38.8,39.4,39.8,"3Batch12Cage1",168.196115507627,12,"Post","1-3Batch12","3Batch12","reorganized","1 hr",3.04807692307692,1,4.86666666666667,1,"same"
38.8,39.4,39.8,"3Batch12Cage1",168.196115507627,12,"Post","1-3Batch12","3Batch12","reorganized","1 hr",3.04807692307692,1,4.86666666666667,1,"same"
31.1,30.9,30.8,"1Batch12Cage2",161.774411318141,12,"Pre","2-1Batch12","1Batch12","reorganized","1 hr",-2.08333333333333,3,4.56043956043956,1,"descenders"
31.1,30.9,30.8,"1Batch12Cage2",161.774411318141,12,"Pre","2-1Batch12","1Batch12","reorganized","1 hr",-2.08333333333333,3,4.56043956043956,1,"descenders"
31.1,30.9,30.8,"1Batch12Cage2",127.895798954848,12,"Post","2-1Batch12","1Batch12","reorganized","1 hr",-2.08333333333333,3,4.56043956043956,1,"descenders"
31.1,30.9,30.8,"1Batch12Cage2",127.895798954848,12,"Post","2-1Batch12","1Batch12","reorganized","1 hr",-2.08333333333333,3,4.56043956043956,1,"descenders"
34.9,33.1,33.1,"2Batch12Cage2",67.9980236243534,12,"Pre","2-2Batch12","2Batch12","reorganized","1 hr",-0.971428571428571,3,-1,3,"same"
34.9,33.1,33.1,"2Batch12Cage2",67.9980236243534,12,"Pre","2-2Batch12","2Batch12","reorganized","1 hr",-0.971428571428571,3,-1,3,"same"
34.9,33.1,33.1,"2Batch12Cage2",145.791648315593,12,"Post","2-2Batch12","2Batch12","reorganized","1 hr",-0.971428571428571,3,-1,3,"same"
34.9,33.1,33.1,"2Batch12Cage2",145.791648315593,12,"Post","2-2Batch12","2Batch12","reorganized","1 hr",-0.971428571428571,3,-1,3,"same"
38.3,35.8,38.8,"1Batch12Cage3",82.4418384737858,12,"Pre","3-1Batch12","1Batch12","control","1 hr",-1.91666666666667,4,-2.82142857142857,4,"control"
38.3,35.8,38.8,"1Batch12Cage3",82.4418384737858,12,"Pre","3-1Batch12","1Batch12","control","1 hr",-1.91666666666667,4,-2.82142857142857,4,"control"
38.3,35.8,38.8,"1Batch12Cage3",76.7234682503427,12,"Post","3-1Batch12","1Batch12","control","1 hr",-1.91666666666667,4,-2.82142857142857,4,"control"
38.3,35.8,38.8,"1Batch12Cage3",76.7234682503427,12,"Post","3-1Batch12","1Batch12","control","1 hr",-1.91666666666667,4,-2.82142857142857,4,"control"
36.8,37.3,37.3,"2Batch12Cage3",40.7011545767305,12,"Pre","3-2Batch12","2Batch12","control","1 hr",-1.70833333333333,3,-2.28571428571429,3,"control"
36.8,37.3,37.3,"2Batch12Cage3",40.7011545767305,12,"Pre","3-2Batch12","2Batch12","control","1 hr",-1.70833333333333,3,-2.28571428571429,3,"control"
36.8,37.3,37.3,"2Batch12Cage3",202.532783107409,12,"Post","3-2Batch12","2Batch12","control","1 hr",-1.70833333333333,3,-2.28571428571429,3,"control"
36.8,37.3,37.3,"2Batch12Cage3",202.532783107409,12,"Post","3-2Batch12","2Batch12","control","1 hr",-1.70833333333333,3,-2.28571428571429,3,"control"
38.2,38.1,36.7,"4Batch12Cage3",28.0422230870598,12,"Pre","3-4Batch12","4Batch12","control","1 hr",3.83928571428571,1,4.74142857142857,1,"control"
38.2,38.1,36.7,"4Batch12Cage3",28.0422230870598,12,"Pre","3-4Batch12","4Batch12","control","1 hr",3.83928571428571,1,4.74142857142857,1,"control"
38.2,38.1,36.7,"4Batch12Cage3",89.6988503150503,12,"Post","3-4Batch12","4Batch12","control","1 hr",3.83928571428571,1,4.74142857142857,1,"control"
38.2,38.1,36.7,"4Batch12Cage3",89.6988503150503,12,"Post","3-4Batch12","4Batch12","control","1 hr",3.83928571428571,1,4.74142857142857,1,"control"
34.6,34.8,34.5,"1Batch12Cage4",33.5791358197995,12,"Pre","4-1Batch12","1Batch12","reorganized","1 hr",3.29175824175824,1,-1.86623931623932,3,"ascenders"
34.6,34.8,34.5,"1Batch12Cage4",33.5791358197995,12,"Pre","4-1Batch12","1Batch12","reorganized","1 hr",3.29175824175824,1,-1.86623931623932,3,"ascenders"
34.6,34.8,34.5,"1Batch12Cage4",437.441903981297,12,"Post","4-1Batch12","1Batch12","reorganized","1 hr",3.29175824175824,1,-1.86623931623932,3,"ascenders"
34.6,34.8,34.5,"1Batch12Cage4",437.441903981297,12,"Post","4-1Batch12","1Batch12","reorganized","1 hr",3.29175824175824,1,-1.86623931623932,3,"ascenders"
37.8,38.1,33.8,"2Batch12Cage4",74.708374047766,12,"Pre","4-2Batch12","2Batch12","reorganized","1 hr",2,1,-2.9517094017094,4,"ascenders"
37.8,38.1,33.8,"2Batch12Cage4",74.708374047766,12,"Pre","4-2Batch12","2Batch12","reorganized","1 hr",2,1,-2.9517094017094,4,"ascenders"
37.8,38.1,33.8,"2Batch12Cage4",139.062318448956,12,"Post","4-2Batch12","2Batch12","reorganized","1 hr",2,1,-2.9517094017094,4,"ascenders"
37.8,38.1,33.8,"2Batch12Cage4",139.062318448956,12,"Post","4-2Batch12","2Batch12","reorganized","1 hr",2,1,-2.9517094017094,4,"ascenders"
42.9,42.6,41.8,"3Batch12Cage4",112.121577922023,12,"Pre","4-3Batch12","3Batch12","reorganized","1 hr",-2.29166666666667,4,4.61190476190476,1,"descenders"
42.9,42.6,41.8,"3Batch12Cage4",112.121577922023,12,"Pre","4-3Batch12","3Batch12","reorganized","1 hr",-2.29166666666667,4,4.61190476190476,1,"descenders"
42.9,42.6,41.8,"3Batch12Cage4",243.139250328742,12,"Post","4-3Batch12","3Batch12","reorganized","1 hr",-2.29166666666667,4,4.61190476190476,1,"descenders"
42.9,42.6,41.8,"3Batch12Cage4",243.139250328742,12,"Post","4-3Batch12","3Batch12","reorganized","1 hr",-2.29166666666667,4,4.61190476190476,1,"descenders"
35.5,38.5,36.7,"2Batch13Cage1",50.3542278335573,13,"Pre","1-2Batch13","2Batch13","reorganized","1 hr",2.75,1,-2.94444444444444,4,"ascenders"
35.5,38.5,36.7,"2Batch13Cage1",50.3542278335573,13,"Pre","1-2Batch13","2Batch13","reorganized","1 hr",2.75,1,-2.94444444444444,4,"ascenders"
35.5,38.5,36.7,"2Batch13Cage1",82.5545162711961,13,"Post","1-2Batch13","2Batch13","reorganized","1 hr",2.75,1,-2.94444444444444,4,"ascenders"
35.5,38.5,36.7,"2Batch13Cage1",82.5545162711961,13,"Post","1-2Batch13","2Batch13","reorganized","1 hr",2.75,1,-2.94444444444444,4,"ascenders"
38.7,36.6,37.9,"4Batch13Cage1",47.0689040649763,13,"Pre","1-4Batch13","4Batch13","reorganized","1 hr",-1.55,4,3.9375,1,"descenders"
38.7,36.6,37.9,"4Batch13Cage1",47.0689040649763,13,"Pre","1-4Batch13","4Batch13","reorganized","1 hr",-1.55,4,3.9375,1,"descenders"
38.7,36.6,37.9,"4Batch13Cage1",149.443645142217,13,"Post","1-4Batch13","4Batch13","reorganized","1 hr",-1.55,4,3.9375,1,"descenders"
38.7,36.6,37.9,"4Batch13Cage1",149.443645142217,13,"Post","1-4Batch13","4Batch13","reorganized","1 hr",-1.55,4,3.9375,1,"descenders"
36,37.7,34.8,"2Batch13Cage2",231.129842787998,13,"Pre","2-2Batch13","2Batch13","reorganized","1 hr",-2.08333333333333,4,-4.01666666666667,4,"same"
36,37.7,34.8,"2Batch13Cage2",231.129842787998,13,"Pre","2-2Batch13","2Batch13","reorganized","1 hr",-2.08333333333333,4,-4.01666666666667,4,"same"
36,37.7,34.8,"2Batch13Cage2",167.118260548578,13,"Post","2-2Batch13","2Batch13","reorganized","1 hr",-2.08333333333333,4,-4.01666666666667,4,"same"
36,37.7,34.8,"2Batch13Cage2",167.118260548578,13,"Post","2-2Batch13","2Batch13","reorganized","1 hr",-2.08333333333333,4,-4.01666666666667,4,"same"
38.1,35.4,38.5,"3Batch13Cage2",35.8110807871951,13,"Pre","2-3Batch13","3Batch13","reorganized","1 hr",-0.760683760683761,3,-2.41666666666667,3,"same"
38.1,35.4,38.5,"3Batch13Cage2",35.8110807871951,13,"Pre","2-3Batch13","3Batch13","reorganized","1 hr",-0.760683760683761,3,-2.41666666666667,3,"same"
38.1,35.4,38.5,"3Batch13Cage2",139.429671340338,13,"Post","2-3Batch13","3Batch13","reorganized","1 hr",-0.760683760683761,3,-2.41666666666667,3,"same"
38.1,35.4,38.5,"3Batch13Cage2",139.429671340338,13,"Post","2-3Batch13","3Batch13","reorganized","1 hr",-0.760683760683761,3,-2.41666666666667,3,"same"
34.8,35.1,35,"4Batch13Cage3",28.211246703271,13,"Pre","3-4Batch13","4Batch13","reorganized","1 hr",2.1,1,4.08333333333333,1,"same"
34.8,35.1,35,"4Batch13Cage3",28.211246703271,13,"Pre","3-4Batch13","4Batch13","reorganized","1 hr",2.1,1,4.08333333333333,1,"same"
34.8,35.1,35,"4Batch13Cage3",359.454229288908,13,"Post","3-4Batch13","4Batch13","reorganized","1 hr",2.1,1,4.08333333333333,1,"same"
34.8,35.1,35,"4Batch13Cage3",359.454229288908,13,"Post","3-4Batch13","4Batch13","reorganized","1 hr",2.1,1,4.08333333333333,1,"same"
34,33.7,34.8,"2Batch13Cage4",46.3204669545675,13,"Pre","4-2Batch13","2Batch13","reorganized","1 hr",3.55128205128205,1,-1.58333333333333,3,"ascenders"
34,33.7,34.8,"2Batch13Cage4",46.3204669545675,13,"Pre","4-2Batch13","2Batch13","reorganized","1 hr",3.55128205128205,1,-1.58333333333333,3,"ascenders"
34,33.7,34.8,"2Batch13Cage4",129.264012089489,13,"Post","4-2Batch13","2Batch13","reorganized","1 hr",3.55128205128205,1,-1.58333333333333,3,"ascenders"
34,33.7,34.8,"2Batch13Cage4",129.264012089489,13,"Post","4-2Batch13","2Batch13","reorganized","1 hr",3.55128205128205,1,-1.58333333333333,3,"ascenders"
38.8,38.2,38.8,"3Batch13Cage4",117.027111879533,13,"Pre","4-3Batch13","3Batch13","reorganized","1 hr",-0.466666666666667,3,5.52207977207977,1,"descenders"
38.8,38.2,38.8,"3Batch13Cage4",117.027111879533,13,"Pre","4-3Batch13","3Batch13","reorganized","1 hr",-0.466666666666667,3,5.52207977207977,1,"descenders"
38.8,38.2,38.8,"3Batch13Cage4",391.078945481923,13,"Post","4-3Batch13","3Batch13","reorganized","1 hr",-0.466666666666667,3,5.52207977207977,1,"descenders"
38.8,38.2,38.8,"3Batch13Cage4",391.078945481923,13,"Post","4-3Batch13","3Batch13","reorganized","1 hr",-0.466666666666667,3,5.52207977207977,1,"descenders"
35.5,35.7,36.8,"1Batch13Cage5",20.8346845733204,13,"Pre","5-1Batch13","1Batch13","control","1 hr",-2.7,4,-5.02857142857143,4,"control"
35.5,35.7,36.8,"1Batch13Cage5",20.8346845733204,13,"Pre","5-1Batch13","1Batch13","control","1 hr",-2.7,4,-5.02857142857143,4,"control"
35.5,35.7,36.8,"1Batch13Cage5",143.606764359867,13,"Post","5-1Batch13","1Batch13","control","1 hr",-2.7,4,-5.02857142857143,4,"control"
35.5,35.7,36.8,"1Batch13Cage5",143.606764359867,13,"Post","5-1Batch13","1Batch13","control","1 hr",-2.7,4,-5.02857142857143,4,"control"
38,37.6,36.8,"2Batch13Cage5",43.8416038286757,13,"Pre","5-2Batch13","2Batch13","control","1 hr",-1.2,3,-1.5,3,"control"
38,37.6,36.8,"2Batch13Cage5",43.8416038286757,13,"Pre","5-2Batch13","2Batch13","control","1 hr",-1.2,3,-1.5,3,"control"
38,37.6,36.8,"2Batch13Cage5",63.9462250013509,13,"Post","5-2Batch13","2Batch13","control","1 hr",-1.2,3,-1.5,3,"control"
38,37.6,36.8,"2Batch13Cage5",63.9462250013509,13,"Post","5-2Batch13","2Batch13","control","1 hr",-1.2,3,-1.5,3,"control"
38.3,39.1,38.6,"3Batch13Cage5",71.5823252622959,13,"Pre","5-3Batch13","3Batch13","control","1 hr",3.28333333333333,1,5.01428571428571,1,"control"
38.3,39.1,38.6,"3Batch13Cage5",71.5823252622959,13,"Pre","5-3Batch13","3Batch13","control","1 hr",3.28333333333333,1,5.01428571428571,1,"control"
38.3,39.1,38.6,"3Batch13Cage5",94.3454232000456,13,"Post","5-3Batch13","3Batch13","control","1 hr",3.28333333333333,1,5.01428571428571,1,"control"
38.3,39.1,38.6,"3Batch13Cage5",94.3454232000456,13,"Post","5-3Batch13","3Batch13","control","1 hr",3.28333333333333,1,5.01428571428571,1,"control"
37.6,36.4,34,"1Batch14Cage1",63.8152349852881,14,"Pre","1-1Batch14","1Batch14","reorganized","1 hr",4.71428571428572,1,-4.79761904761905,4,"ascenders"
37.6,36.4,34,"1Batch14Cage1",63.8152349852881,14,"Pre","1-1Batch14","1Batch14","reorganized","1 hr",4.71428571428572,1,-4.79761904761905,4,"ascenders"
37.6,36.4,34,"1Batch14Cage1",65.4780896941236,14,"Post","1-1Batch14","1Batch14","reorganized","1 hr",4.71428571428572,1,-4.79761904761905,4,"ascenders"
37.6,36.4,34,"1Batch14Cage1",65.4780896941236,14,"Post","1-1Batch14","1Batch14","reorganized","1 hr",4.71428571428572,1,-4.79761904761905,4,"ascenders"
42.9,41.5,42,"2Batch14Cage1",70.9739912066382,14,"Pre","1-2Batch14","2Batch14","reorganized","1 hr",1.75238095238095,1,5.45,1,"same"
42.9,41.5,42,"2Batch14Cage1",70.9739912066382,14,"Pre","1-2Batch14","2Batch14","reorganized","1 hr",1.75238095238095,1,5.45,1,"same"
42.9,41.5,42,"2Batch14Cage1",452.552545730483,14,"Post","1-2Batch14","2Batch14","reorganized","1 hr",1.75238095238095,1,5.45,1,"same"
42.9,41.5,42,"2Batch14Cage1",452.552545730483,14,"Post","1-2Batch14","2Batch14","reorganized","1 hr",1.75238095238095,1,5.45,1,"same"
38.2,37.9,41,"4Batch14Cage1",126.299419157905,14,"Pre","1-4Batch14","4Batch14","reorganized","1 hr",-0.863095238095238,3,-1.86666666666667,3,"same"
38.2,37.9,41,"4Batch14Cage1",126.299419157905,14,"Pre","1-4Batch14","4Batch14","reorganized","1 hr",-0.863095238095238,3,-1.86666666666667,3,"same"
38.2,37.9,41,"4Batch14Cage1",429.161837153181,14,"Post","1-4Batch14","4Batch14","reorganized","1 hr",-0.863095238095238,3,-1.86666666666667,3,"same"
38.2,37.9,41,"4Batch14Cage1",429.161837153181,14,"Post","1-4Batch14","4Batch14","reorganized","1 hr",-0.863095238095238,3,-1.86666666666667,3,"same"
35.5,35.2,40.8,"2Batch14Cage2",60.2458297504098,14,"Pre","2-2Batch14","2Batch14","reorganized","1 hr",-4.04761904761905,4,-5.35164835164835,4,"same"
35.5,35.2,40.8,"2Batch14Cage2",60.2458297504098,14,"Pre","2-2Batch14","2Batch14","reorganized","1 hr",-4.04761904761905,4,-5.35164835164835,4,"same"
35.5,35.2,40.8,"2Batch14Cage2",142.865668118802,14,"Post","2-2Batch14","2Batch14","reorganized","1 hr",-4.04761904761905,4,-5.35164835164835,4,"same"
35.5,35.2,40.8,"2Batch14Cage2",142.865668118802,14,"Post","2-2Batch14","2Batch14","reorganized","1 hr",-4.04761904761905,4,-5.35164835164835,4,"same"
41.5,43.6,37.8,"1Batch14Cage3",65.2156471898141,14,"Pre","3-1Batch14","1Batch14","control","1 hr",-2.73095238095238,4,-2.82896965734494,4,"control"
41.5,43.6,37.8,"1Batch14Cage3",65.2156471898141,14,"Pre","3-1Batch14","1Batch14","control","1 hr",-2.73095238095238,4,-2.82896965734494,4,"control"
41.5,43.6,37.8,"1Batch14Cage3",154.012951185335,14,"Post","3-1Batch14","1Batch14","control","1 hr",-2.73095238095238,4,-2.82896965734494,4,"control"
41.5,43.6,37.8,"1Batch14Cage3",154.012951185335,14,"Post","3-1Batch14","1Batch14","control","1 hr",-2.73095238095238,4,-2.82896965734494,4,"control"
35.7,36.6,32.6,"3Batch14Cage3",94.6333384834088,14,"Pre","3-3Batch14","3Batch14","control","1 hr",-1.5047619047619,3,-2.67621623228031,3,"control"
35.7,36.6,32.6,"3Batch14Cage3",94.6333384834088,14,"Pre","3-3Batch14","3Batch14","control","1 hr",-1.5047619047619,3,-2.67621623228031,3,"control"
35.7,36.6,32.6,"3Batch14Cage3",98.7630129266694,14,"Post","3-3Batch14","3Batch14","control","1 hr",-1.5047619047619,3,-2.67621623228031,3,"control"
35.7,36.6,32.6,"3Batch14Cage3",98.7630129266694,14,"Post","3-3Batch14","3Batch14","control","1 hr",-1.5047619047619,3,-2.67621623228031,3,"control"
40,38.7,35.8,"4Batch14Cage3",103.473173258605,14,"Pre","3-4Batch14","4Batch14","control","1 hr",3.45,1,4.7933352402746,1,"control"
40,38.7,35.8,"4Batch14Cage3",103.473173258605,14,"Pre","3-4Batch14","4Batch14","control","1 hr",3.45,1,4.7933352402746,1,"control"
40,38.7,35.8,"4Batch14Cage3",199.823866935203,14,"Post","3-4Batch14","4Batch14","control","1 hr",3.45,1,4.7933352402746,1,"control"
40,38.7,35.8,"4Batch14Cage3",199.823866935203,14,"Post","3-4Batch14","4Batch14","control","1 hr",3.45,1,4.7933352402746,1,"control"
42.7,41.2,40.4,"2Batch14Cage4",71.7016632836281,14,"Pre","4-2Batch14","2Batch14","reorganized","1 hr",-1.12380952380952,4,5.82678271907158,1,"descenders"
42.7,41.2,40.4,"2Batch14Cage4",71.7016632836281,14,"Pre","4-2Batch14","2Batch14","reorganized","1 hr",-1.12380952380952,4,5.82678271907158,1,"descenders"
42.7,41.2,40.4,"2Batch14Cage4",149.906839683942,14,"Post","4-2Batch14","2Batch14","reorganized","1 hr",-1.12380952380952,4,5.82678271907158,1,"descenders"
42.7,41.2,40.4,"2Batch14Cage4",149.906839683942,14,"Post","4-2Batch14","2Batch14","reorganized","1 hr",-1.12380952380952,4,5.82678271907158,1,"descenders"
33.4,34.4,32.8,"4Batch14Cage4",89.0310809697508,14,"Pre","4-4Batch14","4Batch14","reorganized","1 hr",2.44047619047619,1,-1.53070175438596,3,"ascenders"
33.4,34.4,32.8,"4Batch14Cage4",89.0310809697508,14,"Pre","4-4Batch14","4Batch14","reorganized","1 hr",2.44047619047619,1,-1.53070175438596,3,"ascenders"
33.4,34.4,32.8,"4Batch14Cage4",222.126301863549,14,"Post","4-4Batch14","4Batch14","reorganized","1 hr",2.44047619047619,1,-1.53070175438596,3,"ascenders"
33.4,34.4,32.8,"4Batch14Cage4",222.126301863549,14,"Post","4-4Batch14","4Batch14","reorganized","1 hr",2.44047619047619,1,-1.53070175438596,3,"ascenders"
39.4,39.3,39.8,"1Batch14Cage5",72.9079296177076,14,"Pre","5-1Batch14","1Batch14","control","1 hr",-3.375,4,-4.91818181818182,4,"control"
39.4,39.3,39.8,"1Batch14Cage5",72.9079296177076,14,"Pre","5-1Batch14","1Batch14","control","1 hr",-3.375,4,-4.91818181818182,4,"control"
39.4,39.3,39.8,"1Batch14Cage5",141.575163273998,14,"Post","5-1Batch14","1Batch14","control","1 hr",-3.375,4,-4.91818181818182,4,"control"
39.4,39.3,39.8,"1Batch14Cage5",141.575163273998,14,"Post","5-1Batch14","1Batch14","control","1 hr",-3.375,4,-4.91818181818182,4,"control"
37.8,39.2,38.8,"2Batch14Cage5",89.8123634584627,14,"Pre","5-2Batch14","2Batch14","control","1 hr",-0.75,3,-1.43333333333333,3,"control"
37.8,39.2,38.8,"2Batch14Cage5",89.8123634584627,14,"Pre","5-2Batch14","2Batch14","control","1 hr",-0.75,3,-1.43333333333333,3,"control"
37.8,39.2,38.8,"2Batch14Cage5",100.075833319271,14,"Post","5-2Batch14","2Batch14","control","1 hr",-0.75,3,-1.43333333333333,3,"control"
37.8,39.2,38.8,"2Batch14Cage5",100.075833319271,14,"Post","5-2Batch14","2Batch14","control","1 hr",-0.75,3,-1.43333333333333,3,"control"
41.7,40.6,40.8,"4Batch14Cage5",81.0317772631485,14,"Pre","5-4Batch14","4Batch14","control","1 hr",3,1,5.21818181818182,1,"control"
41.7,40.6,40.8,"4Batch14Cage5",81.0317772631485,14,"Pre","5-4Batch14","4Batch14","control","1 hr",3,1,5.21818181818182,1,"control"
41.7,40.6,40.8,"4Batch14Cage5",88.080514003309,14,"Post","5-4Batch14","4Batch14","control","1 hr",3,1,5.21818181818182,1,"control"
41.7,40.6,40.8,"4Batch14Cage5",88.080514003309,14,"Post","5-4Batch14","4Batch14","control","1 hr",3,1,5.21818181818182,1,"control"
38.9,37.6,36.6,"4Batch14Cage6",98.1334293720601,14,"Pre","6-4Batch14","4Batch14","reorganized","1 hr",-0.790476190476191,3,4.60138888888889,1,"descenders"
38.9,37.6,36.6,"4Batch14Cage6",98.1334293720601,14,"Pre","6-4Batch14","4Batch14","reorganized","1 hr",-0.790476190476191,3,4.60138888888889,1,"descenders"
38.9,37.6,36.6,"4Batch14Cage6",360.241905196482,14,"Post","6-4Batch14","4Batch14","reorganized","1 hr",-0.790476190476191,3,4.60138888888889,1,"descenders"
38.9,37.6,36.6,"4Batch14Cage6",360.241905196482,14,"Post","6-4Batch14","4Batch14","reorganized","1 hr",-0.790476190476191,3,4.60138888888889,1,"descenders"
